area_id,building_name,status,validation_area_m2,ucea_roofs_top_m2,workflow0_roofs_top_m2,validation_radiation_kwh_year,ucea_radiation_kwh_year,workflow0_radiation_kwh_year,error_cea,error_cea_oven,workflow0_source_column,workflow0_timesteps,validation_point_count,residential_source,use_type1,use_type2,use_type3,resi_type,ucea_source_column,ucea_timesteps,ucea_oven_confidence_face_count,ucea_oven_confidence_mean,ucea_oven_confidence_area_weighted_mean,ucea_oven_confidence_min,ucea_oven_confidence_max
Alameda_Arro,B1002,matched,228.8279757,228.76,229.76,499972.2008,395295.94,397277.19,-0.205401442,-0.209364162,roofs_top_kW,8760,377,cea,MULTI_RES,NONE,NONE,,roofs_top_kW,8760,1,0.882947505,0.882947505,0.882947505,0.882947505
Alameda_Arro,B1003,matched,211.5702438,214.16,211.57,362266.2803,348095.8,348371.57,-0.038354964,-0.0391162,roofs_top_kW,8760,349,cea,MULTI_RES,NONE,NONE,,roofs_top_kW,8760,2,0.981148124,0.981187398,0.966003001,0.996293247
Alameda_Arro,B1004,matched,143.135464,143.09,145.07,166529.7871,121776.61,120520.33,-0.276283648,-0.268739772,roofs_top_kW,8760,234,cea,MULTI_RES,NONE,NONE,,roofs_top_kW,8760,1,0.998661399,0.998661399,0.998661399,0.998661399
Alameda_Arro,B1005,matched,919.0624945,920.99,920.99,2022555.653,1567436.9,1569574.47,-0.223964756,-0.225021622,roofs_top_kW,8760,1514,cea,MULTI_RES,NONE,NONE,,roofs_top_kW,8760,,,,,
Alameda_Arro,B1006,matched,186.2006258,189.58,186.2,363419.5199,302449.63,320189.84,-0.118952554,-0.16776724,roofs_top_kW,8760,306,cea,MULTI_RES,NONE,NONE,,roofs_top_kW,8760,3,0.654335648,0.716355202,0.484220237,0.878693581
Alameda_Arro,B1007,matched,346.9364745,352.19,341.91,755905.9385,584173.69,577955.74,-0.235413151,-0.227187326,roofs_top_kW,8760,571,cea,MULTI_RES,NONE,NONE,,roofs_top_kW,8760,2,0.842904568,0.854223326,0.688857079,0.996952057
Alameda_Arro,B1008,matched,271.6610675,274.54,271.66,546808.7843,480828.74,469128.26,-0.142061588,-0.120663834,roofs_top_kW,8760,449,cea,MULTI_RES,NONE,NONE,,roofs_top_kW,8760,1,0.61207217,0.61207217,0.61207217,0.61207217
Alameda_Arro,B1011,matched,143.6631628,143.66,143.66,210873.3738,222730.39,222925.47,0.057153239,0.056228134,roofs_top_kW,8760,237,cea,MULTI_RES,NONE,NONE,,roofs_top_kW,8760,,,,,
Alameda_Arro,B1013,matched,119.6511965,125.07,119.65,231779.4293,187429.87,207393.44,-0.105212052,-0.191343811,roofs_top_kW,8760,198,cea,MULTI_RES,NONE,NONE,,roofs_top_kW,8760,3,0.776153435,0.698804697,0.477322012,0.976827979
Alameda_Arro,B1014,matched,518.2413481,518.24,518.24,1193833.622,888095.55,888403.01,-0.255840183,-0.256097723,roofs_top_kW,8760,853,cea,MULTI_RES,NONE,NONE,,roofs_top_kW,8760,,,,,
Alameda_Arro,B1019,matched,172.0886092,172.08,172.09,317941.0444,297871.4,298383.54,-0.06151299,-0.063123792,roofs_top_kW,8760,282,cea,MULTI_RES,NONE,NONE,,roofs_top_kW,8760,1,0.960667372,0.960667372,0.960667372,0.960667372
Alameda_Arro,B1020,matched,284.9829137,291.32,257.6,590183.3315,458780.26,427784.19,-0.275167279,-0.222647887,roofs_top_kW,8760,469,cea,MULTI_RES,NONE,NONE,,roofs_top_kW,8760,2,0.990431488,0.990782745,0.988849819,0.992013156
Alameda_Arro,B1022,matched,131.4391127,133.2,135.19,233009.4719,163108.45,167390.55,-0.281614826,-0.299992191,roofs_top_kW,8760,217,cea,MULTI_RES,NONE,NONE,,roofs_top_kW,8760,2,0.958687693,0.959681314,0.926489055,0.990886331
Alameda_Arro,B1023,matched,148.5350073,151.63,148.5,291682.1402,215718.07,218857.34,-0.249671784,-0.260434424,roofs_top_kW,8760,243,cea,MULTI_RES,NONE,NONE,,roofs_top_kW,8760,2,0.920784205,0.920918841,0.843092084,0.998476326
Alameda_Arro,B1025,matched,134.9901921,134.97,134.97,289659.9818,133798.48,148530.41,-0.487224956,-0.538084346,roofs_top_kW,8760,222,cea,MULTI_RES,NONE,NONE,,roofs_top_kW,8760,,,,,
Alameda_Arro,B1028,matched,156.8793479,160.15,155.3,323700.6924,288017.03,260510.74,-0.195211051,-0.110236596,roofs_top_kW,8760,257,cea,MULTI_RES,NONE,NONE,,roofs_top_kW,8760,2,0.920784205,0.928680568,0.843092084,0.998476326
Alameda_Arro,B1029,matched,154.7115162,160.25,160.25,341352.8841,127960.24,132136.42,-0.612903754,-0.625137956,roofs_top_kW,8760,257,cea,MULTI_RES,NONE,NONE,,roofs_top_kW,8760,,,,,
Alameda_Arro,B1031,matched,247.7296739,253.77,245.86,575822.981,394337.38,392055.32,-0.319139158,-0.31517603,roofs_top_kW,8760,411,cea,MULTI_RES,NONE,NONE,,roofs_top_kW,8760,2,0.963480979,0.963193087,0.954825282,0.972136676
Alameda_Arro,B1035,matched,345.7919384,349.92,334.63,730580.7659,387545.68,383685.89,-0.474820707,-0.469537527,roofs_top_kW,8760,567,cea,MULTI_RES,NONE,NONE,,roofs_top_kW,8760,3,0.763784051,0.816090476,0.534128726,0.962978065
Alameda_Arro,B1037,matched,157.8987103,161.03,163.21,310117.3272,266016.88,269758.48,-0.130140575,-0.142205686,roofs_top_kW,8760,259,cea,MULTI_RES,NONE,NONE,,roofs_top_kW,8760,2,0.985588193,0.98547614,0.974890947,0.996285439
Alameda_Arro,B1038,matched,99.42317093,100.46,100.33,232497.4619,171457.82,172368.12,-0.258623649,-0.26253896,roofs_top_kW,8760,167,cea,MULTI_RES,NONE,NONE,,roofs_top_kW,8760,2,0.940759301,0.936763182,0.885121286,0.996397316
Alameda_Arro,B1041,matched,131.1727435,132.53,129.58,285429.2998,199822.07,193443.33,-0.322272345,-0.299924464,roofs_top_kW,8760,216,cea,MULTI_RES,NONE,NONE,,roofs_top_kW,8760,2,0.940759301,0.940636946,0.885121286,0.996397316
Alameda_Arro,B1043,matched,260.7610902,266.54,249.25,637025.222,448465.51,426081.33,-0.331138995,-0.296000387,roofs_top_kW,8760,429,cea,MULTI_RES,NONE,NONE,,roofs_top_kW,8760,2,0.755568355,0.767940626,0.528330386,0.982806325
Alameda_Arro,B1044,matched,184.820017,188.48,181.9,352882.0968,323095,315694.98,-0.105381138,-0.084410904,roofs_top_kW,8760,305,cea,MULTI_RES,NONE,NONE,,roofs_top_kW,8760,2,0.928760469,0.927525267,0.892683566,0.964837372
Alameda_Arro,B1045,matched,290.4725865,292.44,290.4,681216.5028,498722.18,484384.68,-0.288941654,-0.267894747,roofs_top_kW,8760,478,cea,MULTI_RES,NONE,NONE,,roofs_top_kW,8760,3,0.986941059,0.987603348,0.982194066,0.99107492
Alameda_Arro,B1046,matched,204.1546035,199.93,207.94,495092.9733,352528.7,332659.74,-0.328086323,-0.287954548,roofs_top_kW,8760,335,cea,MULTI_RES,NONE,NONE,,roofs_top_kW,8760,3,0.660434584,0.655414657,0.492635369,0.947616577
Alameda_Arro,B1047,matched,117.5345589,117.61,117.61,289109.371,157619.24,162148.59,-0.439144468,-0.454811031,roofs_top_kW,8760,193,cea,MULTI_RES,NONE,NONE,,roofs_top_kW,8760,,,,,
Alameda_Arro,B1050,matched,217.8965606,222.2,223.55,464766.5748,398563.88,385705.11,-0.170110049,-0.142442891,roofs_top_kW,8760,359,cea,MULTI_RES,NONE,NONE,,roofs_top_kW,8760,3,0.768875231,0.666455247,0.49239102,0.928636432
Alameda_Arro,B1052,matched,252.9504383,258.22,252.94,526511.13,434431.26,435435.4,-0.172979686,-0.174886844,roofs_top_kW,8760,419,cea,MULTI_RES,NONE,NONE,,roofs_top_kW,8760,3,0.745897134,0.736769388,0.60391587,0.99314028
Alameda_Arro,B1053,matched,179.8750021,183.93,180.31,435206.8949,307577.09,305474.44,-0.298093749,-0.293262369,roofs_top_kW,8760,294,cea,MULTI_RES,NONE,NONE,,roofs_top_kW,8760,2,0.871823341,0.877818684,0.817839324,0.925807357
Alameda_Arro,B1055,matched,253.2805486,259.87,253.29,502390.7485,405240.12,401359.81,-0.201100316,-0.193376627,roofs_top_kW,8760,417,cea,MULTI_RES,NONE,NONE,,roofs_top_kW,8760,2,0.838476121,0.886506408,0.694088101,0.982864141
Alameda_Arro,B1057,matched,408.5236671,422.56,408.5,766509.7236,713826.72,706933.35,-0.077724224,-0.068731031,roofs_top_kW,8760,670,cea,MULTI_RES,NONE,NONE,,roofs_top_kW,8760,2,0.883186162,0.88152007,0.804052413,0.962319911
Alameda_Arro,B1058,matched,164.2568758,168.81,160.62,352502.2897,282269.09,277128.65,-0.213824539,-0.199241826,roofs_top_kW,8760,272,cea,MULTI_RES,NONE,NONE,,roofs_top_kW,8760,2,0.905216634,0.89049872,0.81782943,0.992603838
Alameda_Arro,B1059,matched,84.37798491,85.94,84.31,116248.0792,103250.3,107426.37,-0.075886925,-0.111810701,roofs_top_kW,8760,136,cea,MULTI_RES,NONE,NONE,,roofs_top_kW,8760,2,0.920825779,0.91239335,0.842544138,0.99910742
Alameda_Arro,B1060,matched,84.48446034,87.56,74,144381.0566,162826.1,122900.87,-0.148774272,0.127752517,roofs_top_kW,8760,134,cea,MULTI_RES,NONE,NONE,,roofs_top_kW,8760,1,0.965044856,0.965044856,0.965044856,0.965044856
Alameda_Arro,B1061,matched,295.1513336,278.2,278.2,711156.7744,476941.8,477821.96,-0.328106014,-0.329343659,roofs_top_kW,8760,486,cea,MULTI_RES,NONE,NONE,,roofs_top_kW,8760,,,,,
Alameda_Arro,B1062,matched,274.088129,282.58,274.09,621744.2567,435853.3,437989.62,-0.295546979,-0.29898299,roofs_top_kW,8760,442,cea,MULTI_RES,NONE,NONE,,roofs_top_kW,8760,2,0.918138504,0.918993932,0.846867323,0.989409685
Alameda_Arro,B1063,matched,486.5995144,501.92,486.6,1008312.023,639806.67,622165.34,-0.382963482,-0.365467578,roofs_top_kW,8760,803,cea,MULTI_RES,NONE,NONE,,roofs_top_kW,8760,2,0.944710016,0.939758749,0.908043861,0.981376171
Alameda_Arro,B1065,matched,186.9572232,188.44,186.96,381443.8475,317965.73,319431.14,-0.162573621,-0.166415366,roofs_top_kW,8760,311,cea,MULTI_RES,NONE,NONE,,roofs_top_kW,8760,2,0.840616226,0.840605876,0.681685984,0.999546468
Alameda_Arro,B1066,matched,119.9711185,122.27,119.97,214294.958,199813.62,203216.07,-0.051699247,-0.067576662,roofs_top_kW,8760,200,cea,MULTI_RES,NONE,NONE,,roofs_top_kW,8760,2,0.987994641,0.987578968,0.978413224,0.997576058
Alameda_Arro,B1067,matched,313.1247773,316.72,288.83,559256.7231,338013.58,318070.98,-0.431261231,-0.395602116,roofs_top_kW,8760,519,cea,MULTI_RES,NONE,NONE,,roofs_top_kW,8760,3,0.670631538,0.596884144,0.445613533,0.92536515
Alameda_Arro,B1081,matched,291.6685158,298.98,289.21,645786.3034,482080.56,472769.4,-0.267916651,-0.253498321,roofs_top_kW,8760,473,cea,MULTI_RES,NONE,NONE,,roofs_top_kW,8760,2,0.978115797,0.977705664,0.958472967,0.997758627
Alameda_Arro,B1082,matched,125.7993892,119.79,119.79,188116.9694,186217.42,187601.58,-0.002739729,-0.010097704,roofs_top_kW,8760,208,cea,MULTI_RES,NONE,NONE,,roofs_top_kW,8760,,,,,
Alameda_Arro,B1084,matched,194.9249083,181.89,181.89,342876.6123,313029.07,313621.31,-0.08532312,-0.087050388,roofs_top_kW,8760,322,cea,MULTI_RES,NONE,NONE,,roofs_top_kW,8760,,,,,
Alameda_Arro,B1085,matched,158.6379666,159.27,159.27,212324.9726,257041.2,259098.93,0.220294188,0.21060277,roofs_top_kW,8760,258,cea,MULTI_RES,NONE,NONE,,roofs_top_kW,8760,,,,,
Alameda_Arro,B1087,matched,18.41445061,18.41,18.41,29849.91125,27673.17,28033.83,-0.060840424,-0.072922872,roofs_top_kW,8760,30,cea,MULTI_RES,NONE,NONE,,roofs_top_kW,8760,,,,,
Alameda_Arro,B1088,matched,124.4623683,127.53,126.66,260439.8906,217077.41,219395.57,-0.157596137,-0.166497077,roofs_top_kW,8760,207,cea,MULTI_RES,NONE,NONE,,roofs_top_kW,8760,2,0.77306056,0.77539346,0.571818888,0.974302232
Alameda_Arro,B1089,matched,212.127632,212.12,213.71,476878.8571,310209.33,332441.56,-0.30288048,-0.349500769,roofs_top_kW,8760,351,cea,MULTI_RES,NONE,NONE,,roofs_top_kW,8760,1,0.710071146,0.710071146,0.710071146,0.710071146
Alameda_Arro,B1090,matched,378.9292143,378.93,379.97,915358.3799,641130.42,651479.23,-0.288279602,-0.299585349,roofs_top_kW,8760,623,cea,MULTI_RES,NONE,NONE,,roofs_top_kW,8760,1,0.995097578,0.995097578,0.995097578,0.995097578
Alameda_Arro,B1091,matched,326.6367427,329.42,326.73,541344.5404,402387.49,362913.9,-0.329606428,-0.256688745,roofs_top_kW,8760,539,cea,MULTI_RES,NONE,NONE,,roofs_top_kW,8760,3,0.855482876,0.869701151,0.677063584,0.980607271
Alameda_Arro,B1092,matched,303.1632487,311.7,311.7,697275.1261,464038.38,485482.73,-0.303742939,-0.334497442,roofs_top_kW,8760,497,cea,MULTI_RES,NONE,NONE,,roofs_top_kW,8760,,,,,
Alameda_Arro,B1093,matched,216.2351755,221.55,216.24,418525.0168,359782.32,373261.38,-0.108150373,-0.140356477,roofs_top_kW,8760,355,cea,MULTI_RES,NONE,NONE,,roofs_top_kW,8760,3,0.544616481,0.513691905,0.424286962,0.753382802
Alameda_Arro,B1094,matched,235.9055368,239.81,235.88,620845.3314,446910.09,408599.16,-0.341866421,-0.280158733,roofs_top_kW,8760,388,cea,MULTI_RES,NONE,NONE,,roofs_top_kW,8760,1,0.856730163,0.856730163,0.856730163,0.856730163
Alameda_Arro,B1096,matched,160.9204208,160.87,165.05,324382.4607,252136.74,259922.08,-0.19871722,-0.222717716,roofs_top_kW,8760,265,cea,MULTI_RES,NONE,NONE,,roofs_top_kW,8760,1,0.928965032,0.928965032,0.928965032,0.928965032
Alameda_Arro,B1097,matched,71.45011137,71.47,71.47,128889.32,118537.49,118662.44,-0.079346217,-0.080315654,roofs_top_kW,8760,116,cea,MULTI_RES,NONE,NONE,,roofs_top_kW,8760,,,,,
Alameda_Arro,B1098,matched,183.4378074,186.61,183.43,462850.2506,327553.36,318186.74,-0.312549276,-0.29231245,roofs_top_kW,8760,302,cea,MULTI_RES,NONE,NONE,,roofs_top_kW,8760,2,0.830959499,0.831277292,0.814439058,0.847479939
Alameda_Arro,B1099,matched,195.2812141,201.38,195.28,488501.7929,335875.64,330287.88,-0.323875808,-0.312437242,roofs_top_kW,8760,322,cea,MULTI_RES,NONE,NONE,,roofs_top_kW,8760,2,0.854821742,0.85572379,0.811249137,0.898394346
Alameda_Arro,B1100,matched,186.6787417,189.61,186.68,411820.3115,316845.71,324004.46,-0.213238272,-0.23062146,roofs_top_kW,8760,308,cea,MULTI_RES,NONE,NONE,,roofs_top_kW,8760,3,0.776001682,0.692262145,0.444010049,0.999374449
Alameda_Arro,B1101,matched,426.8523178,426.7,425.18,820456.2657,736373.37,736043.74,-0.102884857,-0.102483093,roofs_top_kW,8760,703,cea,MULTI_RES,NONE,NONE,,roofs_top_kW,8760,1,0.85071516,0.85071516,0.85071516,0.85071516
Alameda_Arro,B1102,matched,680.136007,680.03,680.14,1435196.523,1160484.49,1174604.51,-0.181572355,-0.191410743,roofs_top_kW,8760,1123,cea,MULTI_RES,NONE,NONE,,roofs_top_kW,8760,1,0.631572783,0.631572783,0.631572783,0.631572783
Alameda_Arro,B1103,matched,206.6077532,212.69,208.22,457650.6861,364016.46,361094.31,-0.210982697,-0.204597587,roofs_top_kW,8760,334,cea,MULTI_RES,NONE,NONE,,roofs_top_kW,8760,2,0.985368907,0.985503044,0.974163651,0.996574163
Alameda_Arro,B1104,matched,235.9844528,235.97,235.97,543959.496,284483.3,302365.29,-0.444140065,-0.477013818,roofs_top_kW,8760,390,cea,MULTI_RES,NONE,NONE,,roofs_top_kW,8760,,,,,
Alameda_Arro,B1105,matched,205.5132007,214.83,204.07,503149.2394,365958.02,354590.81,-0.295257188,-0.272665064,roofs_top_kW,8760,348,cea,MULTI_RES,NONE,NONE,,roofs_top_kW,8760,4,0.790583521,0.798308523,0.489175081,0.99226886
Alameda_Arro,B1106,matched,179.5233961,183.42,179.52,455698.4545,283262.47,283091.07,-0.378775444,-0.378399318,roofs_top_kW,8760,306,cea,MULTI_RES,NONE,NONE,,roofs_top_kW,8760,3,0.731522053,0.650555755,0.41214183,0.994325101
Alameda_Arro,B1107,matched,235.8192979,235.8,235.8,500344.6,409142.72,409225.08,-0.182113527,-0.182278134,roofs_top_kW,8760,390,cea,MULTI_RES,NONE,NONE,,roofs_top_kW,8760,,,,,
Alameda_Arro,B1108,matched,222.5868411,224.97,222.59,509752.6674,388035.17,383094.72,-0.248469416,-0.238777559,roofs_top_kW,8760,366,cea,MULTI_RES,NONE,NONE,,roofs_top_kW,8760,2,0.806826025,0.807151088,0.786530435,0.827121615
Alameda_Arro,B1109,matched,173.7668917,180.33,165.26,415427.7834,284241.76,286829.48,-0.309556338,-0.315785387,roofs_top_kW,8760,283,cea,MULTI_RES,NONE,NONE,,roofs_top_kW,8760,4,0.736440077,0.735245207,0.630980134,0.907570541
Alameda_Arro,B1110,matched,248.4753448,250.85,248.48,583681.253,381419.39,399487.93,-0.315571765,-0.346527941,roofs_top_kW,8760,409,cea,MULTI_RES,NONE,NONE,,roofs_top_kW,8760,3,0.896581789,0.911448051,0.739019275,0.994138002
Alameda_Arro,B1111,matched,226.6547047,231.3,226.65,528861.9624,350866.87,337403.16,-0.362020368,-0.336562478,roofs_top_kW,8760,374,cea,MULTI_RES,NONE,NONE,,roofs_top_kW,8760,2,0.998002738,0.997889798,0.997627199,0.998378277
Alameda_Arro,B1113,matched,103.1299432,102.97,102.97,215870.4561,178101.09,178306.14,-0.174013233,-0.174963109,roofs_top_kW,8760,174,cea,MULTI_RES,NONE,NONE,,roofs_top_kW,8760,,,,,
Alameda_Arro,B1114,matched,262.1215947,263.69,265.95,582781.0375,453772.11,460752.65,-0.20938977,-0.221367751,roofs_top_kW,8760,427,cea,MULTI_RES,NONE,NONE,,roofs_top_kW,8760,2,0.925403953,0.925107963,0.851164222,0.999643683
Alameda_Arro,B1115,matched,249.3986892,249.05,249.81,519281.5996,360116.82,371106.58,-0.285346178,-0.30650957,roofs_top_kW,8760,410,cea,MULTI_RES,NONE,NONE,,roofs_top_kW,8760,1,0.998431742,0.998431742,0.998431742,0.998431742
Alameda_Arro,B1116,matched,91.54043067,94.26,90.99,162695.4902,122075.41,131890.57,-0.189340959,-0.249669368,roofs_top_kW,8760,157,cea,MULTI_RES,NONE,NONE,,roofs_top_kW,8760,2,0.984469682,0.984765776,0.969851911,0.999087453
Alameda_Arro,B1117,matched,308.1765165,311.42,308.18,801419.0403,486925.7,523798.11,-0.346411698,-0.3924206,roofs_top_kW,8760,508,cea,MULTI_RES,NONE,NONE,,roofs_top_kW,8760,3,0.659217427,0.601725481,0.435627609,0.861038983
Alameda_Arro,B1118,matched,424.9548475,430.27,430.53,922433.9583,744456.57,747017.21,-0.190167271,-0.192943231,roofs_top_kW,8760,701,cea,MULTI_RES,NONE,NONE,,roofs_top_kW,8760,2,0.885997236,0.892521329,0.806692421,0.96530205
Alameda_Arro,B1119,matched,69.73803511,71.37,69.74,107687.4427,57921.23,51811.69,-0.518869715,-0.462135709,roofs_top_kW,8760,110,cea,MULTI_RES,NONE,NONE,,roofs_top_kW,8760,2,0.93645677,0.934895775,0.875916541,0.996996999
Alameda_Arro,B1120,matched,89.1703442,91.45,89.21,116286.0017,124337.28,109654.7,-0.057025795,0.069236866,roofs_top_kW,8760,145,cea,MULTI_RES,NONE,NONE,,roofs_top_kW,8760,1,0.476256996,0.476256996,0.476256996,0.476256996
Alameda_Arro,B1121,matched,141.073569,142.8,140.94,260658.6136,208721.69,205223.66,-0.212672633,-0.199252666,roofs_top_kW,8760,234,cea,MULTI_RES,NONE,NONE,,roofs_top_kW,8760,2,0.996187568,0.996205178,0.993242681,0.999132454
Alameda_Arro,B1123,matched,201.5311408,211.67,201.54,482382.7254,348126.03,345967.48,-0.282794632,-0.278319866,roofs_top_kW,8760,328,cea,MULTI_RES,NONE,NONE,,roofs_top_kW,8760,2,0.892779589,0.891264947,0.848076701,0.937482476
Alameda_Arro,B1124,matched,163.314029,159.61,157.91,406899.3077,265037.49,268389.05,-0.34040426,-0.348641089,roofs_top_kW,8760,266,cea,MULTI_RES,NONE,NONE,,roofs_top_kW,8760,2,0.963865459,0.970821463,0.944848001,0.982882917
Alameda_Arro,B1125,matched,447.3788461,459.22,445,1097021.325,794549.52,770747.86,-0.297417614,-0.275720989,roofs_top_kW,8760,744,cea,MULTI_RES,NONE,NONE,,roofs_top_kW,8760,4,0.762887508,0.802728683,0.551564872,0.976440966
Alameda_Arro,B1126,matched,105.0518846,108,105.05,247763.1413,179334.68,181295.5,-0.268270901,-0.276184992,roofs_top_kW,8760,173,cea,MULTI_RES,NONE,NONE,,roofs_top_kW,8760,2,0.953803867,0.953653016,0.908948839,0.998658895
Alameda_Arro,B1127,matched,118.4035729,122.88,118.4,257253.6087,204641.65,203192.48,-0.210147212,-0.204513977,roofs_top_kW,8760,193,cea,MULTI_RES,NONE,NONE,,roofs_top_kW,8760,2,0.883566171,0.883691681,0.830386043,0.936746299
Alameda_Arro,B1128,matched,501.9755708,501.98,502.56,1135273.089,869782.67,870906.79,-0.23286582,-0.233855996,roofs_top_kW,8760,828,cea,MULTI_RES,NONE,NONE,,roofs_top_kW,8760,1,0.998175263,0.998175263,0.998175263,0.998175263
Alameda_Arro,B1129,matched,124.2620237,126.17,124.26,286119.3044,213482.83,214944.32,-0.248759812,-0.253867786,roofs_top_kW,8760,206,cea,MULTI_RES,NONE,NONE,,roofs_top_kW,8760,2,0.678586066,0.659007191,0.534765124,0.822407007
Alameda_Arro,B1130,matched,180.6465874,189.85,184.32,396012.6671,284419.58,274831.32,-0.306003714,-0.281791711,roofs_top_kW,8760,298,cea,MULTI_RES,NONE,NONE,,roofs_top_kW,8760,2,0.975666761,0.975423504,0.954773128,0.996560395
Alameda_Arro,B1132,matched,168.8178209,172.83,168.82,321179.6078,289032.88,288223.1,-0.102610835,-0.100089567,roofs_top_kW,8760,272,cea,MULTI_RES,NONE,NONE,,roofs_top_kW,8760,2,0.982229888,0.981906232,0.964893878,0.999565899
Alameda_Arro,B1133,matched,193.5400363,202.44,193.51,438666.3344,325422.18,331233.69,-0.24490743,-0.258155563,roofs_top_kW,8760,317,cea,MULTI_RES,NONE,NONE,,roofs_top_kW,8760,3,0.744493524,0.754411894,0.566602528,0.96111536
Alameda_Arro,B1134,matched,77.78683534,79.15,77.79,122791.1143,118203.46,118589.61,-0.03421668,-0.037361452,roofs_top_kW,8760,123,cea,MULTI_RES,NONE,NONE,,roofs_top_kW,8760,2,0.888983458,0.885894767,0.779119551,0.998847365
Alameda_Arro,B1135,matched,123.6343327,126.36,123.63,290097.6358,212904.67,213329.21,-0.264629615,-0.266093054,roofs_top_kW,8760,202,cea,MULTI_RES,NONE,NONE,,roofs_top_kW,8760,2,0.956118852,0.95601565,0.914393723,0.997843981
Alameda_Arro,B1136,matched,121.7906228,122.83,121.79,269866.5649,199422.29,210455.08,-0.220151336,-0.261033726,roofs_top_kW,8760,201,cea,MULTI_RES,NONE,NONE,,roofs_top_kW,8760,2,0.546020702,0.536101761,0.469466835,0.622574568
Alameda_Arro,B1137,matched,123.1277062,126.56,123.13,287693.2069,211374.69,210928.51,-0.266828326,-0.265277438,roofs_top_kW,8760,205,cea,MULTI_RES,NONE,NONE,,roofs_top_kW,8760,2,0.983339876,0.983341569,0.981656373,0.985023379
Alameda_Arro,B1138,matched,129.1414904,129.09,112.24,284573.3913,203937.58,191194.41,-0.328136727,-0.28335682,roofs_top_kW,8760,211,cea,MULTI_RES,NONE,NONE,,roofs_top_kW,8760,1,0.870625377,0.870625377,0.870625377,0.870625377
Alameda_Arro,B1139,matched,179.2154843,182.09,179.22,375739.7878,321779.39,305429.94,-0.187123776,-0.143611083,roofs_top_kW,8760,300,cea,MULTI_RES,NONE,NONE,,roofs_top_kW,8760,3,0.792655667,0.839082433,0.637884676,0.990140855
Alameda_Arro,B1140,matched,92.37894706,94.45,92.38,201204.6311,128783.99,127593.24,-0.365853364,-0.359935259,roofs_top_kW,8760,153,cea,MULTI_RES,NONE,NONE,,roofs_top_kW,8760,2,0.998885572,0.99888734,0.998329937,0.999441206
Alameda_Arro,B1141,matched,235.1020589,244.66,235.09,532485.7411,406197.81,404270.09,-0.240787013,-0.237166785,roofs_top_kW,8760,386,cea,MULTI_RES,NONE,NONE,,roofs_top_kW,8760,2,0.994989097,0.994952554,0.991183281,0.998794913
Alameda_Arro,B1142,matched,197.6338689,201,197.66,433255.6967,321745.86,315638.83,-0.271472176,-0.257376504,roofs_top_kW,8760,338,cea,MULTI_RES,NONE,NONE,,roofs_top_kW,8760,2,0.996126115,0.996125287,0.995524526,0.996727705
Alameda_Arro,B1143,matched,76.52304708,76.35,76.35,110174.1414,82357.81,81866.92,-0.256931627,-0.252476045,roofs_top_kW,8760,131,cea,MULTI_RES,NONE,NONE,,roofs_top_kW,8760,,,,,
Alameda_Arro,B1144,matched,90.47997127,91.12,90.48,221111.6233,114248.75,114649,-0.481488136,-0.483298307,roofs_top_kW,8760,155,cea,MULTI_RES,NONE,NONE,,roofs_top_kW,8760,2,0.527585566,0.527437226,0.503097773,0.552073359
Alameda_Arro,B1145,matched,169.7839622,176.47,169.78,328632.6868,296803.1,271613.66,-0.173503821,-0.096854598,roofs_top_kW,8760,285,cea,MULTI_RES,NONE,NONE,,roofs_top_kW,8760,3,0.70509696,0.784572038,0.548796654,0.95694077
Alameda_Arro,B1146,matched,117.9154211,120.4,117.92,264544.2773,202788.15,203633.3,-0.230248705,-0.233443444,roofs_top_kW,8760,196,cea,MULTI_RES,NONE,NONE,,roofs_top_kW,8760,2,0.956118852,0.955956905,0.914393723,0.997843981
Alameda_Arro,B1147,matched,839.2179547,838.55,838.55,1780644.312,1413120.65,1417446.68,-0.203969782,-0.206399256,roofs_top_kW,8760,1376,cea,MULTI_RES,NONE,NONE,,roofs_top_kW,8760,,,,,
Alameda_Arro,B1148,matched,279.8936264,285.08,273.27,517946.7171,488023.87,473757.4,-0.085316338,-0.057772057,roofs_top_kW,8760,447,cea,MULTI_RES,NONE,NONE,,roofs_top_kW,8760,2,0.913202852,0.935169813,0.835043907,0.991361797
Alameda_Arro,B1149,matched,144.7214067,146.07,137.67,337313.6645,245190.09,226566.3,-0.328321607,-0.273109524,roofs_top_kW,8760,243,cea,MULTI_RES,NONE,NONE,,roofs_top_kW,8760,3,0.810681323,0.87810927,0.562585115,0.95537281
Alameda_Arro,B1150,matched,133.3868582,137.8,133,274665.1129,221443.08,218637.7,-0.203984453,-0.193770634,roofs_top_kW,8760,223,cea,MULTI_RES,NONE,NONE,,roofs_top_kW,8760,2,0.95828861,0.956488382,0.917678475,0.998898745
Alameda_Arro,B1151,matched,233.5835404,233.59,233.59,224022.9088,398410.37,394811.25,0.762369983,0.77843584,roofs_top_kW,8760,385,cea,MULTI_RES,NONE,NONE,,roofs_top_kW,8760,,,,,
Alameda_Arro,B1152,matched,163.7886353,166.83,142.34,355955.2772,310440.44,241241.15,-0.32227118,-0.12786673,roofs_top_kW,8760,269,cea,MULTI_RES,NONE,NONE,,roofs_top_kW,8760,1,0.961683989,0.961683989,0.961683989,0.961683989
Alameda_Arro,B1154,matched,91.18372161,93.07,93.07,204771.0953,158123,159898.14,-0.219137155,-0.227806054,roofs_top_kW,8760,149,cea,MULTI_RES,NONE,NONE,,roofs_top_kW,8760,,,,,
Alameda_Arro,B1155,matched,73.3550926,74.6,73.38,113170.1692,108675.53,112325.95,-0.007459733,-0.03971576,roofs_top_kW,8760,125,cea,MULTI_RES,NONE,NONE,,roofs_top_kW,8760,2,0.890203387,0.892242126,0.84106487,0.939341903
Alameda_Arro,B1156,matched,138.186252,142.54,138.56,277038.5145,238211.56,232277.15,-0.161570908,-0.140150024,roofs_top_kW,8760,226,cea,MULTI_RES,NONE,NONE,,roofs_top_kW,8760,2,0.995375067,0.995386445,0.992707908,0.998042226
Alameda_Arro,B1157,matched,203.4253433,203.41,203.43,508064.9287,343340.54,343081.36,-0.3247293,-0.324219168,roofs_top_kW,8760,333,cea,MULTI_RES,NONE,NONE,,roofs_top_kW,8760,1,0.992351592,0.992351592,0.992351592,0.992351592
Alameda_Arro,B1158,matched,139.1537031,143.24,139.15,313033.5169,236454.38,234854.62,-0.24974609,-0.244635583,roofs_top_kW,8760,227,cea,MULTI_RES,NONE,NONE,,roofs_top_kW,8760,2,0.989894003,0.989893366,0.986247182,0.993540823
Alameda_Arro,B1159,matched,106.1096831,106.11,106.11,112564.2908,152801.54,169806.69,0.508530715,0.357460158,roofs_top_kW,8760,176,cea,MULTI_RES,NONE,NONE,,roofs_top_kW,8760,,,,,
Alameda_Arro,B1160,matched,166.4143848,170.1,162.31,420304.6357,288371.09,279447.88,-0.33513015,-0.313899811,roofs_top_kW,8760,280,cea,MULTI_RES,NONE,NONE,,roofs_top_kW,8760,2,0.990705281,0.990797402,0.989063442,0.992347121
Alameda_Arro,B1162,matched,304.4908287,305.66,305.66,299084.0383,482858.01,482761.04,0.614131743,0.614455966,roofs_top_kW,8760,505,cea,MULTI_RES,NONE,NONE,,roofs_top_kW,8760,,,,,
Alameda_Arro,B1164,matched,153.6863181,155.93,153.64,271416.0353,252537.98,249967.21,-0.079025638,-0.069553942,roofs_top_kW,8760,252,cea,MULTI_RES,NONE,NONE,,roofs_top_kW,8760,2,0.941212565,0.941118061,0.933885634,0.948539495
Alameda_Arro,B1165,matched,146.5292928,149.46,143.42,320732.6673,254561.2,244124.69,-0.238853054,-0.206313463,roofs_top_kW,8760,241,cea,MULTI_RES,NONE,NONE,,roofs_top_kW,8760,2,0.970896393,0.970740072,0.969696999,0.972095788
Alameda_Arro,B1166,matched,130.4846985,132.43,118.8,235574.3561,196639.9,179609.22,-0.237568881,-0.165274594,roofs_top_kW,8760,224,cea,MULTI_RES,NONE,NONE,,roofs_top_kW,8760,2,0.941212565,0.942032425,0.933885634,0.948539495
Alameda_Arro,B1167,matched,145.4971454,140.82,141.89,310862.1674,205715.37,206152.05,-0.336837764,-0.338242502,roofs_top_kW,8760,243,cea,MULTI_RES,NONE,NONE,,roofs_top_kW,8760,3,0.69400084,0.788111794,0.514415801,0.966768205
Alameda_Arro,B1168,matched,182.6915522,182.71,182.71,178464.8233,287102.5,286983.17,0.608065751,0.608734398,roofs_top_kW,8760,309,cea,MULTI_RES,NONE,NONE,,roofs_top_kW,8760,,,,,
Alameda_Arro,B1169,matched,168.7239524,170.74,168.73,374273.8302,283750.96,282306.97,-0.245720787,-0.241862676,roofs_top_kW,8760,278,cea,MULTI_RES,NONE,NONE,,roofs_top_kW,8760,3,0.69400084,0.762672297,0.514415801,0.966768205
Alameda_Arro,B1171,matched,474.5922212,480.14,471.09,920445.9986,792467.26,777009.99,-0.15583316,-0.139039921,roofs_top_kW,8760,776,cea,MULTI_RES,NONE,NONE,,roofs_top_kW,8760,2,0.989520282,0.994239568,0.979231238,0.999809325
Alameda_Arro,B1173,matched,67.83199682,67.79,67.79,66204.16656,104601.13,106430.35,0.607608033,0.57997805,roofs_top_kW,8760,109,cea,MULTI_RES,NONE,NONE,,roofs_top_kW,8760,,,,,
Alameda_Arro,B1174,matched,116.2646253,119.61,116.26,274560.8026,195207.47,194087.24,-0.29309924,-0.28901916,roofs_top_kW,8760,191,cea,MULTI_RES,NONE,NONE,,roofs_top_kW,8760,2,0.982610136,0.982587326,0.966697454,0.998522818
Alameda_Arro,B1175,matched,135.8780334,141.16,135.83,312130.8735,226876.14,225619.3,-0.277164423,-0.273137779,roofs_top_kW,8760,224,cea,MULTI_RES,NONE,NONE,,roofs_top_kW,8760,2,0.990676343,0.990678579,0.987158716,0.994193971
Alameda_Arro,B1176,matched,351.8509195,358.88,341.1,875240.2639,613033.3,591651.92,-0.324011995,-0.29958284,roofs_top_kW,8760,590,cea,MULTI_RES,NONE,NONE,,roofs_top_kW,8760,2,0.801454484,0.780732297,0.648675621,0.954233348
Alameda_Arro,B1177,matched,313.9204266,317.74,313.91,569260.0566,521836.71,523293.38,-0.080748115,-0.083306998,roofs_top_kW,8760,516,cea,MULTI_RES,NONE,NONE,,roofs_top_kW,8760,2,0.993948996,0.993945463,0.988018632,0.99987936
Alameda_Arro,B1178,matched,64.1366945,64.14,64.14,85229.96284,96850.19,102135.67,0.198354036,0.136339695,roofs_top_kW,8760,107,cea,MULTI_RES,NONE,NONE,,roofs_top_kW,8760,,,,,
Alameda_Arro,B1179,matched,61.35742447,62.74,54.88,117671.8589,92766.99,90696.23,-0.229244521,-0.21164677,roofs_top_kW,8760,101,cea,MULTI_RES,NONE,NONE,,roofs_top_kW,8760,2,0.592234805,0.592162589,0.417917281,0.766552329
Alameda_Arro,B1181,matched,178.5717985,186.32,170.86,389059.6876,287707.78,274299.73,-0.294967485,-0.260504778,roofs_top_kW,8760,296,cea,MULTI_RES,NONE,NONE,,roofs_top_kW,8760,2,0.999634832,0.999663724,0.999337375,0.999932289
Alameda_Arro,B1184,matched,91.38482945,83.65,83.65,172934.2471,123831.73,123745.61,-0.284435489,-0.283937496,roofs_top_kW,8760,150,cea,MULTI_RES,NONE,NONE,,roofs_top_kW,8760,,,,,
Alameda_Arro,B1186,matched,216.207527,225.44,222.47,459254.7152,372007.23,379472.76,-0.173720492,-0.189976243,roofs_top_kW,8760,357,cea,MULTI_RES,NONE,NONE,,roofs_top_kW,8760,2,0.937883079,0.93584105,0.91448772,0.961278439
Alameda_Arro,B1189,matched,478.6172217,495.39,483.37,1082543.196,835498.48,833856.59,-0.229724419,-0.228207722,roofs_top_kW,8760,788,cea,MULTI_RES,NONE,NONE,,roofs_top_kW,8760,2,0.978391081,0.979787884,0.960511744,0.996270418
Alameda_Arro,B1191,matched,171.6588139,173.1,171.66,398912.9134,247697.34,245677.63,-0.384132171,-0.379069136,roofs_top_kW,8760,284,cea,MULTI_RES,NONE,NONE,,roofs_top_kW,8760,3,0.712103426,0.697889798,0.596450388,0.886300743
Alameda_Arro,B1193,matched,268.9733407,274.85,268.97,688658.9594,465231.84,462264.71,-0.328746539,-0.324437977,roofs_top_kW,8760,446,cea,MULTI_RES,NONE,NONE,,roofs_top_kW,8760,2,0.914453089,0.963652972,0.843045235,0.985860944
Alameda_Arro,B1195,matched,283.5756171,288.15,283.58,655251.2263,459453.18,441600.13,-0.326059819,-0.298813704,roofs_top_kW,8760,468,cea,MULTI_RES,NONE,NONE,,roofs_top_kW,8760,2,0.999676436,0.999623364,0.999446452,0.999906421
Alameda_Arro,B1197,matched,600.1100618,600.11,600.11,1223705.97,1036756.02,1038910.15,-0.151013253,-0.152773586,roofs_top_kW,8760,992,cea,MULTI_RES,NONE,NONE,,roofs_top_kW,8760,,,,,
Alameda_Arro,B1199,matched,311.8290414,317.68,311.83,543565.5089,444045.7,433052.64,-0.20331104,-0.183087056,roofs_top_kW,8760,513,cea,MULTI_RES,NONE,NONE,,roofs_top_kW,8760,1,0.948702216,0.948702216,0.948702216,0.948702216
Alameda_Arro,B1201,matched,248.1925952,254.69,260.33,538859.1323,421280.88,426905.99,-0.207759571,-0.218198496,roofs_top_kW,8760,405,cea,MULTI_RES,NONE,NONE,,roofs_top_kW,8760,2,0.627785891,0.630439075,0.490378976,0.765192807
Alameda_Arro,B1202,matched,162.3940371,165.22,145.76,391266.0072,275174.78,220626.59,-0.436121242,-0.296706652,roofs_top_kW,8760,267,cea,MULTI_RES,NONE,NONE,,roofs_top_kW,8760,2,0.992230982,0.991113033,0.986139655,0.998322308
Alameda_Arro,B1203,matched,385.7122202,398,385.78,801381.6545,567878.19,549703.72,-0.314055024,-0.291376104,roofs_top_kW,8760,635,cea,MULTI_RES,NONE,NONE,,roofs_top_kW,8760,2,0.979169488,0.979122559,0.961956263,0.996382713
Alameda_Arro,B1204,matched,360.2782634,366.53,352.52,815987.7806,578491.22,553191.23,-0.322059419,-0.291054065,roofs_top_kW,8760,588,cea,MULTI_RES,NONE,NONE,,roofs_top_kW,8760,2,0.793708026,0.804892604,0.623864353,0.9635517
Alameda_Arro,B1205,matched,347.7039791,350.99,354.11,830357.1674,554200.2,554634.88,-0.332052637,-0.332576123,roofs_top_kW,8760,578,cea,MULTI_RES,NONE,NONE,,roofs_top_kW,8760,3,0.788302839,0.771771142,0.657501698,0.967784047
Alameda_Arro,B1206,matched,147.4792266,147.48,147.48,330672.0866,246757.83,248731.12,-0.247801281,-0.253768794,roofs_top_kW,8760,250,cea,MULTI_RES,NONE,NONE,,roofs_top_kW,8760,,,,,
Alameda_Arro,B1207,matched,190.4840685,193.21,190.48,415614.5803,335869.39,326783.02,-0.213735428,-0.191872937,roofs_top_kW,8760,301,cea,MULTI_RES,NONE,NONE,,roofs_top_kW,8760,3,0.736698747,0.779972329,0.56448245,0.91563195
Alameda_Arro,B1208,matched,130.7418199,136.2,130.74,332734.182,233185.51,224783.71,-0.324434572,-0.299183785,roofs_top_kW,8760,213,cea,MULTI_RES,NONE,NONE,,roofs_top_kW,8760,1,0.881544948,0.881544948,0.881544948,0.881544948
Alameda_Arro,B1209,matched,128.6445895,129.71,128.64,280929.2892,222373.86,223374.19,-0.204873971,-0.208434761,roofs_top_kW,8760,219,cea,MULTI_RES,NONE,NONE,,roofs_top_kW,8760,2,0.98055172,0.980541572,0.961184621,0.999918818
Alameda_Arro,B1210,matched,189.8555627,199.99,189.78,380056.8791,334559.24,327685.26,-0.137799424,-0.11971271,roofs_top_kW,8760,314,cea,MULTI_RES,NONE,NONE,,roofs_top_kW,8760,2,0.986294985,0.986258375,0.97899878,0.993591189
Alameda_Arro,B1211,matched,206.9255802,206.93,206.93,499655.8407,314352.3,337506.8,-0.324521455,-0.370862353,roofs_top_kW,8760,349,cea,MULTI_RES,NONE,NONE,,roofs_top_kW,8760,,,,,
Alameda_Arro,B1212,matched,112.8048255,112.79,112.79,186463.2666,177656.51,184389.17,-0.011123352,-0.047230518,roofs_top_kW,8760,184,cea,MULTI_RES,NONE,NONE,,roofs_top_kW,8760,,,,,
Alameda_Arro,B1213,matched,147.5472244,151.19,147.55,293987.8789,172768.99,169413.91,-0.423738453,-0.412326145,roofs_top_kW,8760,243,cea,MULTI_RES,NONE,NONE,,roofs_top_kW,8760,2,0.843083054,0.843407275,0.694962323,0.991203785
Alameda_Arro,B1214,matched,91.12902159,93,91.13,149428.4801,135912.69,137472.28,-0.08001286,-0.090449893,roofs_top_kW,8760,150,cea,MULTI_RES,NONE,NONE,,roofs_top_kW,8760,2,0.969366938,0.969367207,0.968886435,0.969847441
Alameda_Arro,B1215,matched,168.2918094,168.16,168.26,392217.1656,226531.79,227824.9,-0.419135826,-0.422432749,roofs_top_kW,8760,285,cea,MULTI_RES,NONE,NONE,,roofs_top_kW,8760,1,0.994925737,0.994925737,0.994925737,0.994925737
Alameda_Arro,B1216,matched,170.9048312,173.59,159.21,389645.4345,280060.7,266040.13,-0.317225081,-0.281242188,roofs_top_kW,8760,287,cea,MULTI_RES,NONE,NONE,,roofs_top_kW,8760,2,0.97214067,0.971542252,0.946401834,0.997879505
Alameda_Arro,B1217,matched,228.5655602,234.18,211.21,482744.328,401747.45,366426.99,-0.240950191,-0.167784215,roofs_top_kW,8760,372,cea,MULTI_RES,NONE,NONE,,roofs_top_kW,8760,2,0.948660463,0.951418768,0.902201116,0.99511981
Alameda_Arro,B1218,matched,190.3184787,198.5,190.32,481264.0623,173543.42,162836.09,-0.66164918,-0.639400833,roofs_top_kW,8760,326,cea,MULTI_RES,NONE,NONE,,roofs_top_kW,8760,2,0.964490801,0.964548079,0.943444133,0.985537469
Alameda_Arro,B1219,matched,214.0288706,221.3,214.03,410826.914,323898.34,334633.56,-0.185463394,-0.211594156,roofs_top_kW,8760,349,cea,MULTI_RES,NONE,NONE,,roofs_top_kW,8760,2,0.993886232,0.993890495,0.989061356,0.998711109
Alameda_Arro,B1220,matched,146.9098967,151.24,146.92,319629.559,253672.62,253323.95,-0.207445172,-0.206354316,roofs_top_kW,8760,237,cea,MULTI_RES,NONE,NONE,,roofs_top_kW,8760,2,0.99208203,0.992068435,0.984844267,0.999319792
Alameda_Arro,B1221,matched,115.0021605,118.36,116.22,237917.6912,202718.24,201600.79,-0.152644812,-0.147948019,roofs_top_kW,8760,188,cea,MULTI_RES,NONE,NONE,,roofs_top_kW,8760,2,0.874751538,0.89481607,0.758177161,0.991325915
Alameda_Arro,B1223,matched,212.2714378,215.62,212.27,462313.9851,330373.87,333813.08,-0.277951585,-0.285390707,roofs_top_kW,8760,347,cea,MULTI_RES,NONE,NONE,,roofs_top_kW,8760,2,0.958402932,0.958355512,0.91745311,0.999352753
Alameda_Arro,B1224,matched,124.2835426,124.27,124.27,307115.1606,208982.96,209786.52,-0.316912524,-0.319529001,roofs_top_kW,8760,208,cea,MULTI_RES,NONE,NONE,,roofs_top_kW,8760,,,,,
Alameda_Arro,B1225,matched,145.6909337,148.45,145.69,342029.5012,201069.37,196941.67,-0.424196833,-0.412128576,roofs_top_kW,8760,235,cea,MULTI_RES,NONE,NONE,,roofs_top_kW,8760,2,0.992340922,0.992327772,0.986757636,0.997924209
Alameda_Arro,B1226,matched,210.5857863,218.48,210.63,374153.5258,317219.39,300870.36,-0.195863892,-0.152167845,roofs_top_kW,8760,353,cea,MULTI_RES,NONE,NONE,,roofs_top_kW,8760,2,0.985141993,0.985126895,0.977775156,0.992508829
Alameda_Arro,B1227,matched,114.9679671,117.02,117.02,252504.1813,209648.78,201542.67,-0.201824426,-0.169721551,roofs_top_kW,8760,191,cea,MULTI_RES,NONE,NONE,,roofs_top_kW,8760,,,,,
Alameda_Arro,B1228,matched,157.9833679,155.56,155.56,339458.5881,197874.33,208944.61,-0.384476878,-0.417088455,roofs_top_kW,8760,258,cea,MULTI_RES,NONE,NONE,,roofs_top_kW,8760,,,,,
Alameda_Arro,B1229,matched,221.5492092,225.48,221.55,423718.9886,335439.81,341651.31,-0.193684212,-0.208343692,roofs_top_kW,8760,367,cea,MULTI_RES,NONE,NONE,,roofs_top_kW,8760,2,0.938612878,0.938562627,0.878051698,0.999174058
Alameda_Arro,B1230,matched,148.3728262,151.23,148.26,306821.4116,246479.51,246260.04,-0.197383133,-0.196667831,roofs_top_kW,8760,245,cea,MULTI_RES,NONE,NONE,,roofs_top_kW,8760,2,0.992387563,0.992388164,0.984950542,0.999824584
Alameda_Arro,B1231,matched,96.6672964,98.41,96.7,173753.5201,165896.62,164362.11,-0.054050186,-0.045218653,roofs_top_kW,8760,156,cea,MULTI_RES,NONE,NONE,,roofs_top_kW,8760,2,0.977679789,0.977678088,0.958038509,0.997321069
Alameda_Arro,B1232,matched,69.12557208,70.92,69.13,118208.1406,116443.75,116434.67,-0.015002948,-0.014926134,roofs_top_kW,8760,110,cea,MULTI_RES,NONE,NONE,,roofs_top_kW,8760,2,0.767271131,0.769248426,0.600305498,0.934236765
Alameda_Arro,B1233,matched,149.0829803,152.1,149.09,229787.8724,180583.61,185977.88,-0.190654067,-0.214129066,roofs_top_kW,8760,231,cea,MULTI_RES,NONE,NONE,,roofs_top_kW,8760,2,0.950581431,0.950493465,0.902968585,0.998194277
Alameda_Arro,B1234,matched,125.3031212,130.64,112.74,218126.6611,190533.99,153420.04,-0.296647007,-0.126498388,roofs_top_kW,8760,202,cea,MULTI_RES,NONE,NONE,,roofs_top_kW,8760,2,0.932017058,0.931807994,0.873479486,0.990554631
Alameda_Arro,B1235,matched,63.56367193,63.57,63.57,117858.6625,87264.2,85821.61,-0.271826031,-0.259586032,roofs_top_kW,8760,101,cea,MULTI_RES,NONE,NONE,,roofs_top_kW,8760,,,,,
Alameda_Arro,B1236,matched,257.9947859,257.81,257.81,525011.4109,420362.55,424629.48,-0.191199522,-0.199326831,roofs_top_kW,8760,424,cea,MULTI_RES,NONE,NONE,,roofs_top_kW,8760,,,,,
Alameda_Arro,B1237,matched,155.1915422,150.96,155.16,284839.7214,233408.99,268903.48,-0.055948101,-0.18056025,roofs_top_kW,8760,251,cea,MULTI_RES,NONE,NONE,,roofs_top_kW,8760,4,0.772885621,0.775781787,0.411733687,0.980186641
Alameda_Arro,B1238,matched,97.53821267,97.54,97.54,196456.3939,107592.17,140073.16,-0.287001267,-0.452335616,roofs_top_kW,8760,152,cea,MULTI_RES,NONE,NONE,,roofs_top_kW,8760,,,,,
Alameda_Arro,B1239,matched,181.9779903,185.38,182.01,357010.8233,286394.73,291920.95,-0.182319048,-0.197798186,roofs_top_kW,8760,294,cea,MULTI_RES,NONE,NONE,,roofs_top_kW,8760,2,0.973396122,0.973449262,0.947675645,0.9991166
Alameda_Arro,B1240,matched,99.85035419,101.8,99.85,224160.2393,153273.78,151907.65,-0.322325625,-0.31623119,roofs_top_kW,8760,166,cea,MULTI_RES,NONE,NONE,,roofs_top_kW,8760,2,0.888214201,0.887787069,0.872896314,0.903532088
Alameda_Arro,B1241,matched,82.20874795,82.22,82.22,178144.4308,128466.85,129037.37,-0.275658692,-0.278861262,roofs_top_kW,8760,130,cea,MULTI_RES,NONE,NONE,,roofs_top_kW,8760,,,,,
Alameda_Arro,B1242,matched,242.6988024,249.58,231.38,540230.6135,424467.87,401132.23,-0.257479639,-0.214283938,roofs_top_kW,8760,407,cea,MULTI_RES,NONE,NONE,,roofs_top_kW,8760,2,0.909227252,0.915290683,0.850515425,0.967939079
Alameda_Arro,B1243,matched,205.9698146,205.94,205.94,436012.856,333794.72,338327.39,-0.224042628,-0.234438353,roofs_top_kW,8760,317,cea,MULTI_RES,NONE,NONE,,roofs_top_kW,8760,,,,,
Alameda_Arro,B1244,matched,119.4205588,123.2,119.41,288807.6004,192451.52,194874.87,-0.325243277,-0.333634157,roofs_top_kW,8760,204,cea,MULTI_RES,NONE,NONE,,roofs_top_kW,8760,2,0.920470655,0.920244456,0.847902477,0.993038833
Alameda_Arro,B1245,matched,84.10328291,73.54,73.54,181548.0816,109162,111084.22,-0.388127822,-0.398715761,roofs_top_kW,8760,136,cea,MULTI_RES,NONE,NONE,,roofs_top_kW,8760,,,,,
Alameda_Arro,B1246,matched,65.56260397,66.93,65.56,149356.0803,103917.08,104433.79,-0.300773093,-0.304232678,roofs_top_kW,8760,102,cea,MULTI_RES,NONE,NONE,,roofs_top_kW,8760,2,0.986186236,0.9861918,0.973178625,0.999193847
Alameda_Arro,B1247,matched,157.9325755,160.61,157.93,328243.9529,231753.97,240985.22,-0.265835005,-0.293958143,roofs_top_kW,8760,265,cea,MULTI_RES,NONE,NONE,,roofs_top_kW,8760,2,0.972144246,0.971498991,0.966351807,0.977936685
Alameda_Arro,B1248,matched,91.25196722,91.25,91.25,113608.8501,60838.87,63985.06,-0.436795109,-0.464488286,roofs_top_kW,8760,143,cea,MULTI_RES,NONE,NONE,,roofs_top_kW,8760,,,,,
Alameda_Arro,B1249,matched,240.3636979,246.27,240.36,527183.7663,370084.63,371355.93,-0.295585422,-0.297996916,roofs_top_kW,8760,397,cea,MULTI_RES,NONE,NONE,,roofs_top_kW,8760,2,0.977441728,0.977380626,0.956348062,0.998535395
Alameda_Arro,B1250,matched,222.5972612,228.69,229.48,581480.8183,316712.85,380917.53,-0.34491815,-0.455333968,roofs_top_kW,8760,383,cea,MULTI_RES,NONE,NONE,,roofs_top_kW,8760,3,0.753881484,0.65922279,0.458702236,0.969519556
Alameda_Arro,B1251,matched,204.0139445,206.29,204.01,409655.4797,249095.47,250270.98,-0.389069615,-0.391939124,roofs_top_kW,8760,334,cea,MULTI_RES,NONE,NONE,,roofs_top_kW,8760,2,0.962878764,0.962871196,0.957138062,0.968619466
Alameda_Arro,B1252,matched,136.0058628,138.09,136.01,321261.5138,215502.23,217291.69,-0.323629876,-0.32919998,roofs_top_kW,8760,227,cea,MULTI_RES,NONE,NONE,,roofs_top_kW,8760,2,0.990163893,0.990145775,0.980418503,0.999909282
Alameda_Arro,B1253,matched,165.6116293,167.78,165.61,306360.4705,266969.87,266063.62,-0.131534106,-0.128575989,roofs_top_kW,8760,275,cea,MULTI_RES,NONE,NONE,,roofs_top_kW,8760,3,0.747240702,0.665118447,0.414337277,0.993370652
Alameda_Arro,B1254,matched,106.3730562,109.05,106.37,201633.398,184578.41,183065.5,-0.092087413,-0.084584142,roofs_top_kW,8760,165,cea,MULTI_RES,NONE,NONE,,roofs_top_kW,8760,2,0.805137336,0.79758166,0.621886671,0.988388002
Alameda_Arro,B1255,matched,210.2489308,215.48,210.25,445134.034,260242.47,260639.53,-0.414469553,-0.415361554,roofs_top_kW,8760,348,cea,MULTI_RES,NONE,NONE,,roofs_top_kW,8760,2,0.980123848,0.980145842,0.963819385,0.996428311
Alameda_Arro,B1256,matched,130.7193643,130.87,130.87,245533.5598,205744.93,216726.53,-0.117324205,-0.162049659,roofs_top_kW,8760,220,cea,MULTI_RES,NONE,NONE,,roofs_top_kW,8760,,,,,
Alameda_Arro,B1257,matched,164.3198022,166.9,164.32,344238.1151,284994.29,283791.6,-0.175595068,-0.172101294,roofs_top_kW,8760,266,cea,MULTI_RES,NONE,NONE,,roofs_top_kW,8760,2,0.987498194,0.987489582,0.976970732,0.998025656
Alameda_Arro,B1258,matched,135.3479336,139.38,135.39,316450.116,224703.06,221680.82,-0.299476256,-0.289925809,roofs_top_kW,8760,223,cea,MULTI_RES,NONE,NONE,,roofs_top_kW,8760,2,0.941691846,0.941761974,0.912574828,0.970808864
Alameda_Arro,B1259,matched,191.484797,197.06,191.48,456898.3604,330669.66,329019.66,-0.27988435,-0.276273043,roofs_top_kW,8760,320,cea,MULTI_RES,NONE,NONE,,roofs_top_kW,8760,2,0.915484369,0.915427662,0.882693887,0.948274851
Alameda_Arro,B1260,matched,109.3963356,109.4,109.4,191960.2803,179189.59,180977.77,-0.05721241,-0.066527775,roofs_top_kW,8760,178,cea,MULTI_RES,NONE,NONE,,roofs_top_kW,8760,,,,,
Alameda_Arro,B1261,matched,122.9783892,122.98,122.98,291608.6739,212334.41,211486.92,-0.274757787,-0.271851529,roofs_top_kW,8760,195,cea,MULTI_RES,NONE,NONE,,roofs_top_kW,8760,,,,,
Alameda_Arro,B1262,matched,154.6631108,156.64,154.66,310911.37,207480.9,216261.58,-0.304426918,-0.332668664,roofs_top_kW,8760,258,cea,MULTI_RES,NONE,NONE,,roofs_top_kW,8760,2,0.993372798,0.993372335,0.992892385,0.993853211
Alameda_Arro,B1263,matched,158.9093071,161.57,158.91,212758.1099,275300.43,273471.68,0.285364305,0.293959747,roofs_top_kW,8760,266,cea,MULTI_RES,NONE,NONE,,roofs_top_kW,8760,2,0.923095018,0.923066557,0.878561497,0.967628539
Alameda_Arro,B1264,matched,114.7672344,116.18,114.78,219901.1336,200291.61,199210.97,-0.094088481,-0.089174272,roofs_top_kW,8760,185,cea,MULTI_RES,NONE,NONE,,roofs_top_kW,8760,2,0.947087079,0.947201806,0.910644829,0.983529329
Alameda_Arro,B1265,matched,238.8453307,248.65,242.29,501028.0864,418599.9,415744.53,-0.170217117,-0.164518095,roofs_top_kW,8760,387,cea,MULTI_RES,NONE,NONE,,roofs_top_kW,8760,2,0.966753781,0.965843053,0.937529206,0.995978355
Alameda_Arro,B1266,matched,94.74792865,80.18,80.18,189326.5196,126753.56,126556.43,-0.331544095,-0.330502878,roofs_top_kW,8760,164,cea,MULTI_RES,NONE,NONE,,roofs_top_kW,8760,,,,,
Alameda_Arro,B1267,matched,203.346497,210.08,202.4,407608.8187,354537.69,350720.71,-0.139565451,-0.13020113,roofs_top_kW,8760,335,cea,MULTI_RES,NONE,NONE,,roofs_top_kW,8760,2,0.950131536,0.951207849,0.911872625,0.988390446
Alameda_Arro,B1268,matched,168.8943901,174.81,168.82,341973.2856,294638.37,289652.91,-0.152995505,-0.138416998,roofs_top_kW,8760,274,cea,MULTI_RES,NONE,NONE,,roofs_top_kW,8760,2,0.96561718,0.965635093,0.956719875,0.974514484
Alameda_Arro,B1269,matched,124.2503102,129.35,124.25,315273.7806,212622.49,210501.48,-0.332321643,-0.325594125,roofs_top_kW,8760,215,cea,MULTI_RES,NONE,NONE,,roofs_top_kW,8760,2,0.642605409,0.642739736,0.459658176,0.825552642
Alameda_Arro,B1270,matched,176.0737656,177.76,176.07,349106.0156,253133.76,258691.97,-0.258987361,-0.274908628,roofs_top_kW,8760,309,cea,MULTI_RES,NONE,NONE,,roofs_top_kW,8760,2,0.988500297,0.988532098,0.977641404,0.99935919
Alameda_Arro,B1271,matched,237.5258568,237.47,237.47,471313.2595,377999.36,377503.16,-0.199039805,-0.197987002,roofs_top_kW,8760,386,cea,MULTI_RES,NONE,NONE,,roofs_top_kW,8760,,,,,
Alameda_Arro,B1272,matched,206.6189794,210.49,206.61,421709.4489,277156.54,242961.47,-0.423865245,-0.342778444,roofs_top_kW,8760,334,cea,MULTI_RES,NONE,NONE,,roofs_top_kW,8760,2,0.989878714,0.989924172,0.985113859,0.994643569
Alameda_Arro,B1273,matched,120.5989816,121.77,120.63,253235.5517,209484.7,209004.87,-0.174662212,-0.172767415,roofs_top_kW,8760,192,cea,MULTI_RES,NONE,NONE,,roofs_top_kW,8760,2,0.989798039,0.989508491,0.982272625,0.997323453
Alameda_Arro,B1274,matched,231.8090341,242.26,231.8,556658.805,348951.82,336825.78,-0.394915203,-0.37313159,roofs_top_kW,8760,373,cea,MULTI_RES,NONE,NONE,,roofs_top_kW,8760,2,0.878692061,0.879172223,0.769001484,0.988382638
Alameda_Arro,B1275,matched,115.8289013,115.82,115.82,249679.5443,182154.34,182778.74,-0.267946677,-0.270447483,roofs_top_kW,8760,188,cea,MULTI_RES,NONE,NONE,,roofs_top_kW,8760,,,,,
Alameda_Arro,B1276,matched,169.3275951,173.85,169.35,311859.1768,275623.49,274355.49,-0.120258404,-0.116192466,roofs_top_kW,8760,272,cea,MULTI_RES,NONE,NONE,,roofs_top_kW,8760,2,0.70536083,0.705371254,0.500401676,0.910319984
Alameda_Arro,B1277,matched,152.210167,156.49,152.25,341319.4343,222741.12,221175.89,-0.351997373,-0.347411552,roofs_top_kW,8760,250,cea,MULTI_RES,NONE,NONE,,roofs_top_kW,8760,2,0.76812762,0.768077609,0.646754742,0.889500499
Alameda_Arro,B1278,matched,174.9761185,176.44,174.98,314476.9876,289494.28,292303.33,-0.070509635,-0.079442085,roofs_top_kW,8760,288,cea,MULTI_RES,NONE,NONE,,roofs_top_kW,8760,2,0.994706959,0.995266177,0.989569128,0.99984479
Alameda_Arro,B1279,matched,303.7709108,314.01,303.77,693881.4518,515180.85,513822.37,-0.259495453,-0.257537655,roofs_top_kW,8760,493,cea,MULTI_RES,NONE,NONE,,roofs_top_kW,8760,2,0.932013154,0.938631687,0.866908669,0.997117639
Alameda_Arro,B1280,matched,183.9306028,193.67,180.36,336385.0453,271366.23,268943.86,-0.200488061,-0.193286878,roofs_top_kW,8760,303,cea,MULTI_RES,NONE,NONE,,roofs_top_kW,8760,2,0.982921243,0.983995953,0.966050088,0.999792397
Alameda_Arro,B1281,matched,97.5423406,99.77,83.82,201742.9984,148972.14,129466.72,-0.358259166,-0.261574671,roofs_top_kW,8760,155,cea,MULTI_RES,NONE,NONE,,roofs_top_kW,8760,2,0.888214201,0.889851514,0.872896314,0.903532088
Alameda_Arro,B1282,matched,230.0780278,234.39,221.8,427796.0973,335241.33,300354.93,-0.297901659,-0.216352528,roofs_top_kW,8760,379,cea,MULTI_RES,NONE,NONE,,roofs_top_kW,8760,3,0.648635209,0.730201557,0.487769783,0.897762656
Alameda_Arro,B1283,matched,121.1358659,125.39,121.14,297421.0466,193881.42,185917.16,-0.374902475,-0.348124747,roofs_top_kW,8760,189,cea,MULTI_RES,NONE,NONE,,roofs_top_kW,8760,2,0.957369536,0.957314422,0.92501843,0.989720643
Alameda_Arro,B1284,matched,168.2051347,171.75,162.96,386187.3266,238051.6,230017.05,-0.404389958,-0.383585158,roofs_top_kW,8760,273,cea,MULTI_RES,NONE,NONE,,roofs_top_kW,8760,2,0.943229169,0.94076028,0.892519057,0.993939281
Alameda_Arro,B1285,matched,187.5732871,193.35,186.59,423142.4485,319455.56,311332.09,-0.264238104,-0.245040149,roofs_top_kW,8760,311,cea,MULTI_RES,NONE,NONE,,roofs_top_kW,8760,2,0.988419622,0.988746241,0.980675399,0.996163845
Alameda_Arro,B1286,matched,218.7664317,213.73,206.17,486659.3389,299549.13,284362.42,-0.415684859,-0.384478821,roofs_top_kW,8760,371,cea,MULTI_RES,NONE,NONE,,roofs_top_kW,8760,3,0.895835678,0.904078011,0.844581127,0.956510127
Alameda_Arro,B1287,matched,339.2478744,348.19,326.03,770010.4643,538574.59,511405.41,-0.335846156,-0.300561986,roofs_top_kW,8760,556,cea,MULTI_RES,NONE,NONE,,roofs_top_kW,8760,2,0.993194878,0.994315774,0.989612639,0.996777117
Alameda_Arro,B1288,matched,350.9276071,361.72,339.9,756810.5656,547697.19,503634.9,-0.334529772,-0.276308742,roofs_top_kW,8760,579,cea,MULTI_RES,NONE,NONE,,roofs_top_kW,8760,2,0.865495592,0.866277937,0.862830818,0.868160367
Alameda_Arro,B1289,matched,165.0341134,170.49,164.12,388743.0439,282479.07,281165.14,-0.276732679,-0.273352734,roofs_top_kW,8760,267,cea,MULTI_RES,NONE,NONE,,roofs_top_kW,8760,2,0.78872779,0.732762788,0.601584733,0.975870848
Alameda_Arro,B1291,matched,258.5508555,269.77,258.53,600926.6043,445721.84,442008.22,-0.264455564,-0.258275741,roofs_top_kW,8760,430,cea,MULTI_RES,NONE,NONE,,roofs_top_kW,8760,2,0.961785108,0.9597428,0.953350365,0.970219851
Alameda_Arro,B1292,matched,226.8449369,231.03,226.82,506947.1045,337577.75,368928.43,-0.272254587,-0.3340967,roofs_top_kW,8760,367,cea,MULTI_RES,NONE,NONE,,roofs_top_kW,8760,3,0.830657601,0.772582233,0.615512371,0.995453596
Alameda_Arro,B1293,matched,251.1148604,251.12,251.12,584231.3141,432322.02,428976.21,-0.265742524,-0.260015666,roofs_top_kW,8760,414,cea,MULTI_RES,NONE,NONE,,roofs_top_kW,8760,,,,,
Alameda_Arro,B1294,matched,254.8157893,262.06,254.81,569064.3979,436016.33,435406.57,-0.234872939,-0.233801426,roofs_top_kW,8760,422,cea,MULTI_RES,NONE,NONE,,roofs_top_kW,8760,2,0.989060104,0.988545361,0.987142444,0.990977764
Alameda_Arro,B1295,matched,226.5652624,234.37,226.57,502470.6449,368226.06,364225.02,-0.275131744,-0.26716901,roofs_top_kW,8760,379,cea,MULTI_RES,NONE,NONE,,roofs_top_kW,8760,2,0.992454112,0.993250789,0.98765558,0.997252643
Alameda_Arro,B1296,matched,225.3868024,232.28,225.39,478814.2364,382888.26,380320.3,-0.205703859,-0.200340694,roofs_top_kW,8760,367,cea,MULTI_RES,NONE,NONE,,roofs_top_kW,8760,2,0.990405232,0.991752538,0.982238114,0.99857235
Alameda_Arro,B1297,matched,218.3874961,222.75,212.51,485375.5319,371311,361223.91,-0.255784673,-0.235002641,roofs_top_kW,8760,359,cea,MULTI_RES,NONE,NONE,,roofs_top_kW,8760,2,0.937269181,0.945012165,0.874767542,0.99977082
Alameda_Arro,B1298,matched,381.0410458,389.89,367.31,853806.4677,560951.87,626236.72,-0.266535516,-0.342998804,roofs_top_kW,8760,632,cea,MULTI_RES,NONE,NONE,,roofs_top_kW,8760,3,0.902241627,0.886957705,0.848320603,0.994553685
Alameda_Arro,B1299,matched,191.0967009,196.27,188.01,427043.5773,307982.04,299355.73,-0.299004256,-0.278804187,roofs_top_kW,8760,316,cea,MULTI_RES,NONE,NONE,,roofs_top_kW,8760,2,0.87346223,0.902496229,0.747910321,0.999014139
Alameda_Arro,B1300,matched,231.000892,237.38,231,491449.4276,342929.61,343958.94,-0.300113255,-0.302207733,roofs_top_kW,8760,378,cea,MULTI_RES,NONE,NONE,,roofs_top_kW,8760,2,0.988332719,0.990176628,0.976894617,0.99977082
Alameda_Arro,B1301,matched,271.792541,279.92,271.76,625717.5123,461000.77,460310.5,-0.264347743,-0.263244578,roofs_top_kW,8760,454,cea,MULTI_RES,NONE,NONE,,roofs_top_kW,8760,2,0.98684752,0.987779108,0.982630074,0.991064966
Alameda_Arro,B1302,matched,337.0582757,343.53,328.8,701599.4222,543740.59,571300.79,-0.185716561,-0.224998521,roofs_top_kW,8760,546,cea,MULTI_RES,NONE,NONE,,roofs_top_kW,8760,3,0.616620978,0.656061322,0.508946598,0.698565662
Alameda_Arro,B1303,matched,183.8479485,188.26,183.82,455807.6708,336503.81,317513.42,-0.303404834,-0.26174167,roofs_top_kW,8760,312,cea,MULTI_RES,NONE,NONE,,roofs_top_kW,8760,3,0.816277186,0.839014185,0.568126678,0.971919477
Alameda_Arro,B1304,matched,104.3023624,104.3,104.3,234725.6756,167285.18,176764.11,-0.246933214,-0.287316227,roofs_top_kW,8760,161,cea,MULTI_RES,NONE,NONE,,roofs_top_kW,8760,,,,,
Alameda_Arro,B1305,matched,183.6040913,188.51,183.6,353629.9031,213913.9,216843.01,-0.38680805,-0.395091031,roofs_top_kW,8760,307,cea,MULTI_RES,NONE,NONE,,roofs_top_kW,8760,3,0.720413913,0.711690745,0.482518643,0.996619225
Alameda_Arro,B1306,matched,160.317234,162.93,162.89,394394.4858,272607.8,277607.29,-0.29611772,-0.308794089,roofs_top_kW,8760,268,cea,MULTI_RES,NONE,NONE,,roofs_top_kW,8760,2,0.931918204,0.934151982,0.875277758,0.98855865
Alameda_Arro,B1307,matched,300.3216197,303.11,284.84,666048.2592,486772.58,446241.58,-0.330016145,-0.269163198,roofs_top_kW,8760,504,cea,MULTI_RES,NONE,NONE,,roofs_top_kW,8760,2,0.594171584,0.588392397,0.52535677,0.662986398
Alameda_Arro,B1308,matched,886.6499341,886.71,886.71,1989341.805,1539146.94,1538740.33,-0.22650782,-0.226303426,roofs_top_kW,8760,1463,cea,MULTI_RES,NONE,NONE,,roofs_top_kW,8760,,,,,
Alameda_Arro,B1309,matched,97.99829935,101.76,98,198041.1161,197242.82,168435.04,-0.149494593,-0.004030962,roofs_top_kW,8760,176,cea,MULTI_RES,NONE,NONE,,roofs_top_kW,8760,1,0.99362433,0.99362433,0.99362433,0.99362433
Alameda_Arro,B1310,matched,165.2326589,167.18,165.23,264668.7624,287590.19,286552.62,0.082683946,0.086604204,roofs_top_kW,8760,260,cea,MULTI_RES,NONE,NONE,,roofs_top_kW,8760,3,0.514683803,0.496178454,0.438677192,0.64101702
Alameda_Arro,B1311,matched,202.8572372,209.97,202.9,329251.7983,358110.93,345460.8,0.049229805,0.087650643,roofs_top_kW,8760,330,cea,MULTI_RES,NONE,NONE,,roofs_top_kW,8760,2,0.729651123,0.728786338,0.51135093,0.947951317
Alameda_Arro,B1312,matched,138.8294978,141.67,138.83,310829.1631,231101.4,239828.47,-0.228423525,-0.256500266,roofs_top_kW,8760,223,cea,MULTI_RES,NONE,NONE,,roofs_top_kW,8760,2,0.806534976,0.806630739,0.652024865,0.961045086
Alameda_Arro,B1314,matched,213.4563145,219.88,212.8,324839.7663,339281.81,300533.06,-0.074826757,0.044458977,roofs_top_kW,8760,356,cea,MULTI_RES,NONE,NONE,,roofs_top_kW,8760,2,0.958172858,0.959275425,0.923248351,0.993097365
Alameda_Arro,B1315,matched,151.114704,135.22,135.22,229544.0333,96543.68,97572.91,-0.574927265,-0.579411067,roofs_top_kW,8760,244,cea,MULTI_RES,NONE,NONE,,roofs_top_kW,8760,,,,,
Alameda_Arro,B1318,matched,829.8339367,829.83,829.83,1761948.936,1402411.17,1407817.1,-0.200988706,-0.204056859,roofs_top_kW,8760,1364,cea,SINGLE_RES,NONE,NONE,,roofs_top_kW,8760,,,,,
Alameda_Arro,B1326,matched,253.5469144,258.72,256.6,542302.699,430625.14,441930.1,-0.185085929,-0.205932147,roofs_top_kW,8760,416,cea,MULTI_RES,NONE,NONE,,roofs_top_kW,8760,3,0.816141446,0.796183763,0.737134278,0.968438864
Alameda_Arro,B1328,matched,135.7265757,143.05,135.73,291490.3258,232619.07,229999.02,-0.210954877,-0.201966414,roofs_top_kW,8760,223,cea,MULTI_RES,NONE,NONE,,roofs_top_kW,8760,2,0.629884645,0.632876935,0.428369135,0.831400156
Alameda_Arro,B1329,matched,117.4033984,117.4,117.4,257592.1756,143949.48,158984.49,-0.382805438,-0.441172933,roofs_top_kW,8760,184,cea,MULTI_RES,NONE,NONE,,roofs_top_kW,8760,,,,,
Alameda_Arro,B1330,matched,60.84514795,63.15,60.85,110359.5386,104281.41,99071.42,-0.102284938,-0.055075698,roofs_top_kW,8760,108,cea,MULTI_RES,NONE,NONE,,roofs_top_kW,8760,3,0.565068573,0.544775637,0.471369475,0.687895596
Alameda_Arro,B1331,matched,279.1869715,282.21,279.19,685196.2783,474937.3,464291.35,-0.322396568,-0.306859487,roofs_top_kW,8760,460,cea,MULTI_RES,NONE,NONE,,roofs_top_kW,8760,3,0.677471409,0.721427971,0.464020759,0.842417836
Alameda_Arro,B1332,matched,201.3975737,208.31,201.33,481770.9546,318963.95,315435.42,-0.345258536,-0.337934454,roofs_top_kW,8760,332,cea,MULTI_RES,NONE,NONE,,roofs_top_kW,8760,2,0.967601448,0.967960849,0.937018752,0.998184144
Alameda_Arro,B1333,matched,176.0338738,179.47,176.03,418296.9564,299636.34,299725.56,-0.28346225,-0.283675543,roofs_top_kW,8760,290,cea,MULTI_RES,NONE,NONE,,roofs_top_kW,8760,2,0.967202902,0.967646199,0.936074555,0.998331249
Alameda_Arro,B1334,matched,127.4109266,132.71,127.41,303438.5634,210178.35,206898.62,-0.318153179,-0.307344631,roofs_top_kW,8760,211,cea,MULTI_RES,NONE,NONE,,roofs_top_kW,8760,2,0.959656268,0.959554809,0.943380892,0.975931644
Alameda_Arro,B1335,matched,307.436772,315.6,307.44,664286.4576,525229.24,526279.19,-0.207752643,-0.209333212,roofs_top_kW,8760,508,cea,MULTI_RES,NONE,NONE,,roofs_top_kW,8760,2,0.91590175,0.915753549,0.906529605,0.925273895
Alameda_Arro,B1336,matched,308.7803924,314.35,312.58,736097.7482,518137.17,523864.03,-0.288322738,-0.296102764,roofs_top_kW,8760,507,cea,MULTI_RES,NONE,NONE,,roofs_top_kW,8760,2,0.897341222,0.896268361,0.799779356,0.994903088
Alameda_Arro,B1337,matched,133.5466199,137.07,133.55,219381.469,242830.62,226486.68,0.032387471,0.106887565,roofs_top_kW,8760,219,cea,MULTI_RES,NONE,NONE,,roofs_top_kW,8760,3,0.636775017,0.614116328,0.428138554,0.931215584
Alameda_Arro,B1338,matched,240.588158,240.57,229.39,448519.8257,347885.84,346521.37,-0.227411253,-0.224369091,roofs_top_kW,8760,400,cea,MULTI_RES,NONE,NONE,,roofs_top_kW,8760,1,0.989822507,0.989822507,0.989822507,0.989822507
Alameda_Arro,B1339,matched,194.3788261,194.38,194.38,473696.8624,331172.14,333918.1,-0.295080617,-0.300877489,roofs_top_kW,8760,322,cea,MULTI_RES,NONE,NONE,,roofs_top_kW,8760,,,,,
Alameda_Arro,B1340,matched,505.3594441,502.45,502.45,1178990.468,837503.41,840789.7,-0.286856236,-0.289643612,roofs_top_kW,8760,832,cea,MULTI_RES,NONE,NONE,,roofs_top_kW,8760,,,,,
Alameda_Arro,B1341,matched,124.1902291,126.01,124.19,214657.7418,192585.99,211340.16,-0.015455216,-0.102822994,roofs_top_kW,8760,201,cea,MULTI_RES,NONE,NONE,,roofs_top_kW,8760,1,0.98181951,0.98181951,0.98181951,0.98181951
Alameda_Arro,B1342,matched,173.925733,177.43,173.93,396849.3425,296656.14,296050.25,-0.253998386,-0.252471635,roofs_top_kW,8760,287,cea,MULTI_RES,NONE,NONE,,roofs_top_kW,8760,2,0.987228334,0.987109073,0.974747956,0.999708712
Alameda_Arro,B1343,matched,77.67938314,77.68,77.68,119199.6085,126017.14,128618.79,0.079020238,0.057194244,roofs_top_kW,8760,131,cea,MULTI_RES,NONE,NONE,,roofs_top_kW,8760,,,,,
Alameda_Arro,B1344,matched,209.4134698,213.65,209.41,416664.775,359426.19,359415.38,-0.137399172,-0.137373228,roofs_top_kW,8760,344,cea,MULTI_RES,NONE,NONE,,roofs_top_kW,8760,2,0.990192115,0.990133291,0.98061794,0.99976629
Alameda_Arro,B1345,matched,238.8448194,241.1,238.84,527965.3963,383525.56,384068.32,-0.272550204,-0.273578226,roofs_top_kW,8760,392,cea,MULTI_RES,NONE,NONE,,roofs_top_kW,8760,2,0.988993227,0.98898456,0.978063583,0.999922872
Alameda_Arro,B1346,matched,153.1325771,156.16,153.11,319798.2843,268402.03,264598.17,-0.172609163,-0.160714603,roofs_top_kW,8760,254,cea,MULTI_RES,NONE,NONE,,roofs_top_kW,8760,2,0.859093994,0.857203947,0.739739835,0.978448153
Alameda_Arro,B1347,matched,490.6547262,502.21,490.66,1147142.148,840940.95,840851,-0.267003656,-0.266925244,roofs_top_kW,8760,812,cea,MULTI_RES,NONE,NONE,,roofs_top_kW,8760,2,0.954807937,0.954415509,0.919902444,0.98971343
Alameda_Arro,B1348,matched,305.1325637,312.85,296.83,658961.1357,527956.38,512953.97,-0.22157174,-0.19880498,roofs_top_kW,8760,503,cea,MULTI_RES,NONE,NONE,,roofs_top_kW,8760,2,0.855224013,0.855734412,0.719140112,0.991307914
Alameda_Arro,B1349,matched,71.26823099,73.22,71.28,63661.33178,77569.21,98413.95,0.545898385,0.218466655,roofs_top_kW,8760,117,cea,MULTI_RES,NONE,NONE,,roofs_top_kW,8760,2,0.767271131,0.7598351,0.600305498,0.934236765
Alameda_Arro,B1351,matched,94.06354858,94.06,94.06,206503.582,146554.39,154186.01,-0.253349465,-0.290305822,roofs_top_kW,8760,164,cea,MULTI_RES,NONE,NONE,,roofs_top_kW,8760,,,,,
Alameda_Arro,B1353,matched,118.1007083,118.1,118.1,235156.5084,177670.19,187488.46,-0.202707757,-0.244459823,roofs_top_kW,8760,195,cea,MULTI_RES,NONE,NONE,,roofs_top_kW,8760,,,,,
Alameda_Arro,B1354,matched,279.9024796,282.87,260.97,553368.8071,484255.72,443413.52,-0.198701636,-0.124895163,roofs_top_kW,8760,460,cea,MULTI_RES,NONE,NONE,,roofs_top_kW,8760,2,0.991155833,0.991775303,0.98446089,0.997850776
Alameda_Arro,B1355,matched,159.112974,162.35,159.11,333557.2753,274204.42,273747.02,-0.179310301,-0.177939022,roofs_top_kW,8760,255,cea,MULTI_RES,NONE,NONE,,roofs_top_kW,8760,2,0.903437108,0.903347004,0.826637745,0.980236471
Alameda_Arro,B1356,matched,311.5144008,319.95,311.51,729901.9076,425898.82,424081.92,-0.418987791,-0.416498552,roofs_top_kW,8760,509,cea,MULTI_RES,NONE,NONE,,roofs_top_kW,8760,2,0.878185868,0.877589034,0.762055814,0.994315922
Alameda_Arro,B1357,matched,158.4580915,162.76,158.42,302040.7992,237735.37,240047.62,-0.205247699,-0.212903122,roofs_top_kW,8760,266,cea,MULTI_RES,NONE,NONE,,roofs_top_kW,8760,2,0.960046858,0.96004944,0.945514798,0.974578917
Alameda_Arro,B1358,matched,181.170176,188.63,181.17,422554.4976,237398.04,227017.53,-0.462749701,-0.438183616,roofs_top_kW,8760,303,cea,MULTI_RES,NONE,NONE,,roofs_top_kW,8760,2,0.945005924,0.944717029,0.895455182,0.994556665
Alameda_Arro,B1359,matched,285.8326052,292.18,285.82,683913.8204,365101.74,366381,-0.464287767,-0.466158266,roofs_top_kW,8760,465,cea,MULTI_RES,NONE,NONE,,roofs_top_kW,8760,2,0.991197675,0.991168905,0.983472109,0.998923242
Alameda_Arro,B1360,matched,96.36695035,96.27,96.37,86187.4557,151301.67,150501.48,0.746210963,0.75549526,roofs_top_kW,8760,160,cea,MULTI_RES,NONE,NONE,,roofs_top_kW,8760,1,0.812212288,0.812212288,0.812212288,0.812212288
Alameda_Arro,B1362,matched,148.1486657,148.09,148.15,365306.8946,245896.96,246729.28,-0.324597253,-0.326875666,roofs_top_kW,8760,243,cea,MULTI_RES,NONE,NONE,,roofs_top_kW,8760,1,0.976214468,0.976214468,0.976214468,0.976214468
Alameda_Arro,B1363,matched,217.3413007,217.11,211.28,442346.5535,373283.1,354815.67,-0.197878525,-0.156129743,roofs_top_kW,8760,357,cea,MULTI_RES,NONE,NONE,,roofs_top_kW,8760,3,0.754942179,0.663875731,0.433749318,0.98148787
Alameda_Arro,B1364,matched,79.60558017,79.61,79.61,175111.1579,123885.58,134116.54,-0.234106258,-0.292531775,roofs_top_kW,8760,130,cea,MULTI_RES,NONE,NONE,,roofs_top_kW,8760,,,,,
Alameda_Arro,B1365,matched,26.31226553,26.31,26.31,31376.6453,45634.12,45625.8,0.454132511,0.454397676,roofs_top_kW,8760,42,cea,MULTI_RES,NONE,NONE,,roofs_top_kW,8760,,,,,
Alameda_Arro,B1367,matched,177.6526274,176.63,177.67,351823.4103,259348.3,214372.86,-0.390680513,-0.262845245,roofs_top_kW,8760,295,cea,MULTI_RES,NONE,NONE,,roofs_top_kW,8760,3,0.748138726,0.785915742,0.664482534,0.888632596
Alameda_Arro,B1368,matched,160.1075207,159.81,160.18,326003.0551,137587.05,163784.92,-0.497596978,-0.577957789,roofs_top_kW,8760,265,cea,MULTI_RES,NONE,NONE,,roofs_top_kW,8760,1,0.867022932,0.867022932,0.867022932,0.867022932
Alameda_Arro,B1371,matched,171.3112732,178.09,161.32,355835.2599,290519.38,272937.91,-0.23296553,-0.183556514,roofs_top_kW,8760,281,cea,MULTI_RES,NONE,NONE,,roofs_top_kW,8760,2,0.997773677,0.998002546,0.995755434,0.99979192
Alameda_Arro,B1372,matched,170.5954951,179.04,165.24,369431.3206,260161.21,247963.1,-0.328797841,-0.295779227,roofs_top_kW,8760,282,cea,MULTI_RES,NONE,NONE,,roofs_top_kW,8760,2,0.998529136,0.998637785,0.997665405,0.999392867
Alameda_Arro,B1373,matched,168.2949653,172.22,156.63,356545.6372,264957.22,252667.35,-0.291346398,-0.256877122,roofs_top_kW,8760,276,cea,MULTI_RES,NONE,NONE,,roofs_top_kW,8760,2,0.919243366,0.929414452,0.839860976,0.998625755
Alameda_Arro,B1374,matched,166.4553143,167.99,161.36,261521.4849,264471.7,270709.75,0.035133883,0.011280967,roofs_top_kW,8760,276,cea,MULTI_RES,NONE,NONE,,roofs_top_kW,8760,2,0.647172272,0.648771053,0.547514319,0.746830225
Alameda_Arro,B1375,matched,122.2512755,125.01,122.25,269254.8246,173141.67,176892.31,-0.343030119,-0.356959823,roofs_top_kW,8760,201,cea,MULTI_RES,NONE,NONE,,roofs_top_kW,8760,2,0.999322087,0.999321515,0.998681962,0.999962211
Alameda_Arro,B1377,matched,283.3827716,288.98,288.98,453346.2115,464110.46,489495.95,0.079739805,0.023743991,roofs_top_kW,8760,467,cea,MULTI_RES,NONE,NONE,,roofs_top_kW,8760,,,,,
Alameda_Arro,B1378,matched,233.180238,239.53,233.18,380640.8712,396009.96,393028.94,0.032545293,0.040376875,roofs_top_kW,8760,385,cea,MULTI_RES,NONE,NONE,,roofs_top_kW,8760,2,0.778617173,0.778954367,0.677351475,0.879882872
Alameda_Arro,B1379,matched,223.2092634,217.21,217.21,467194.8821,336171.98,358746.6,-0.232126434,-0.280445928,roofs_top_kW,8760,367,cea,MULTI_RES,NONE,NONE,,roofs_top_kW,8760,,,,,
Alameda_Arro,B1380,matched,171.8238821,174.93,168.05,377147.9005,255927.49,258214.3,-0.315350027,-0.321413457,roofs_top_kW,8760,283,cea,MULTI_RES,NONE,NONE,,roofs_top_kW,8760,2,0.997395486,0.997271519,0.996044934,0.998746037
Alameda_Arro,B1383,matched,247.9227078,254.19,244.62,453891.7216,456669.76,423315.85,-0.067363801,0.006120487,roofs_top_kW,8760,413,cea,MULTI_RES,NONE,NONE,,roofs_top_kW,8760,3,0.767980327,0.821826474,0.410171121,0.97593087
Alameda_Arro,B1384,matched,383.5886902,388.85,376.19,949488.5148,663119.12,642741.79,-0.323065229,-0.301603853,roofs_top_kW,8760,632,cea,MULTI_RES,NONE,NONE,,roofs_top_kW,8760,2,0.458784595,0.459441692,0.428128153,0.489441037
Alameda_Arro,B1386,matched,85.51948731,86.48,85.52,190216.3912,141001.08,144543.53,-0.240110018,-0.258733282,roofs_top_kW,8760,141,cea,MULTI_RES,NONE,NONE,,roofs_top_kW,8760,3,0.776001682,0.692471665,0.444010049,0.999374449
Alameda_Arro,B1388,matched,143.2578778,143.25,142.47,197291.7474,203198.55,202273.88,0.025252615,0.029939431,roofs_top_kW,8760,235,cea,MULTI_RES,NONE,NONE,,roofs_top_kW,8760,1,0.845548809,0.845548809,0.845548809,0.845548809
Alameda_Arro,B1397,matched,147.2691597,149.71,147.27,339732.1713,263906.74,252408.69,-0.257036244,-0.22319179,roofs_top_kW,8760,241,cea,MULTI_RES,NONE,NONE,,roofs_top_kW,8760,3,0.664775173,0.61262767,0.457921147,0.948993087
Alameda_Arro,B1401,matched,58.49895579,60.09,58.5,107506.6771,98328.66,93010.55,-0.134839318,-0.0853716,roofs_top_kW,8760,97,cea,MULTI_RES,NONE,NONE,,roofs_top_kW,8760,1,0.972315013,0.972315013,0.972315013,0.972315013
Alameda_Arro,B1402,matched,248.7380602,253.58,246.21,542563.8498,432848.73,427414.02,-0.212232772,-0.202216052,roofs_top_kW,8760,412,cea,MULTI_RES,NONE,NONE,,roofs_top_kW,8760,3,0.730714033,0.65462428,0.427300781,0.961600244
Alameda_Arro,B1404,matched,246.2377444,246.81,246.81,637501.9582,377424.37,388690.62,-0.390291096,-0.407963591,roofs_top_kW,8760,405,cea,MULTI_RES,NONE,NONE,,roofs_top_kW,8760,,,,,
Alameda_Arro,B1406,matched,136.9559727,141.03,132.41,320212.0958,217617.76,208007.33,-0.350407643,-0.320394942,roofs_top_kW,8760,226,cea,MULTI_RES,NONE,NONE,,roofs_top_kW,8760,2,0.99226588,0.992607603,0.984944403,0.999587357
Alameda_Arro,B1407,matched,144.3592185,146.81,145.94,335168.3428,228414.38,231536.71,-0.309192783,-0.31850849,roofs_top_kW,8760,236,cea,MULTI_RES,NONE,NONE,,roofs_top_kW,8760,2,0.966862649,0.969276154,0.934344471,0.999380827
Alameda_Arro,B1408,matched,124.3856494,127.27,124.39,271463.5969,213626.94,213922.43,-0.21196642,-0.213054927,roofs_top_kW,8760,205,cea,MULTI_RES,NONE,NONE,,roofs_top_kW,8760,2,0.99706471,0.997058994,0.99630487,0.99782455
Alameda_Arro,B1409,matched,118.0846724,120.9,118.08,276819.9428,201599.27,201555.63,-0.271889055,-0.271731408,roofs_top_kW,8760,196,cea,MULTI_RES,NONE,NONE,,roofs_top_kW,8760,2,0.996805757,0.996833515,0.993935764,0.999675751
Alameda_Arro,B1410,matched,122.2619081,125.36,122.26,279221.3864,187135.28,187738.57,-0.327635421,-0.329796036,roofs_top_kW,8760,201,cea,MULTI_RES,NONE,NONE,,roofs_top_kW,8760,2,0.976252258,0.976120808,0.955199718,0.997304797
Alameda_Arro,B1411,matched,117.989473,120.47,119.29,261996.1173,199980.61,200974.92,-0.232908785,-0.236703917,roofs_top_kW,8760,193,cea,MULTI_RES,NONE,NONE,,roofs_top_kW,8760,2,0.998261571,0.998237704,0.997985959,0.998537183
Alameda_Arro,B1412,matched,194.5271353,196.84,194.53,450045.9486,330094.31,319624.79,-0.289795207,-0.266531982,roofs_top_kW,8760,319,cea,MULTI_RES,NONE,NONE,,roofs_top_kW,8760,3,0.829405924,0.753359783,0.524333417,0.999308228
Alameda_Arro,B1413,matched,114.6031036,116.29,114.6,257904.8717,186333.15,186620.51,-0.276397887,-0.277512097,roofs_top_kW,8760,191,cea,MULTI_RES,NONE,NONE,,roofs_top_kW,8760,2,0.587573916,0.587737533,0.558511913,0.616635919
Alameda_Arro,B1414,matched,168.1431906,173.72,168.14,410594.0243,275560.38,274058.19,-0.332532444,-0.328873866,roofs_top_kW,8760,275,cea,MULTI_RES,NONE,NONE,,roofs_top_kW,8760,2,0.989979029,0.990090604,0.983030498,0.996927559
Alameda_Arro,B1415,matched,183.3481134,192.73,183.35,404224.6613,212674.25,203299.9,-0.497062106,-0.473871165,roofs_top_kW,8760,305,cea,MULTI_RES,NONE,NONE,,roofs_top_kW,8760,2,0.978874594,0.978862161,0.961907744,0.995841444
Alameda_Arro,B1416,matched,363.7665442,371.24,363.77,866664.4298,609416.5,608490.26,-0.297894042,-0.2968253,roofs_top_kW,8760,600,cea,MULTI_RES,NONE,NONE,,roofs_top_kW,8760,2,0.986571699,0.986530217,0.974597275,0.998546124
Alameda_Arro,B1417,matched,138.54549,132.85,132.85,312141.5269,196642.55,213192.69,-0.316999913,-0.370021183,roofs_top_kW,8760,228,cea,MULTI_RES,NONE,NONE,,roofs_top_kW,8760,,,,,
Alameda_Arro,B1418,matched,168.3302096,175.07,168.33,396508.8812,271175.67,259680.62,-0.345082463,-0.316091813,roofs_top_kW,8760,278,cea,MULTI_RES,NONE,NONE,,roofs_top_kW,8760,2,0.962573111,0.962652674,0.942289174,0.982857049
Alameda_Arro,B1419,matched,146.340428,149.19,146.34,332735.5989,233646.57,231015.06,-0.305709817,-0.297801105,roofs_top_kW,8760,241,cea,MULTI_RES,NONE,NONE,,roofs_top_kW,8760,2,0.997416973,0.997413297,0.995385468,0.999448478
Alameda_Arro,B1420,matched,149.1078425,152.28,149.11,344880.4426,240175.39,240015.97,-0.304060363,-0.303598116,roofs_top_kW,8760,245,cea,MULTI_RES,NONE,NONE,,roofs_top_kW,8760,2,0.996574461,0.996564502,0.993202925,0.999945998
Alameda_Arro,B1421,matched,123.6604886,125.46,123.66,282831.3364,199992.69,199023.76,-0.296316446,-0.292890623,roofs_top_kW,8760,204,cea,MULTI_RES,NONE,NONE,,roofs_top_kW,8760,2,0.977039605,0.97699934,0.956315458,0.997763753
Alameda_Arro,B1422,matched,119.2973956,119.3,119.3,277242.1754,196924.43,196967.07,-0.289548678,-0.289702479,roofs_top_kW,8760,197,cea,MULTI_RES,NONE,NONE,,roofs_top_kW,8760,,,,,
Alameda_Arro,B1424,matched,81.53799891,74.31,74.31,184024.7755,109495.04,109965.97,-0.40243932,-0.404998378,roofs_top_kW,8760,133,cea,MULTI_RES,NONE,NONE,,roofs_top_kW,8760,,,,,
Alameda_Arro,B1425,matched,74.09307074,74.97,74.09,164209.4191,109446.84,109133.77,-0.335398843,-0.333492314,roofs_top_kW,8760,122,cea,MULTI_RES,NONE,NONE,,roofs_top_kW,8760,2,0.682963639,0.682704002,0.461618006,0.904309273
Alameda_Arro,B1426,matched,79.68936038,80.43,76.9,164521.7048,111972.45,116069.17,-0.294505426,-0.319406214,roofs_top_kW,8760,130,cea,MULTI_RES,NONE,NONE,,roofs_top_kW,8760,2,0.73051855,0.731001608,0.502476215,0.958560884
Alameda_Arro,B1428,matched,204.0925933,206.9,204.09,449285.9766,356482.98,353564.63,-0.213052157,-0.206556629,roofs_top_kW,8760,338,cea,MULTI_RES,NONE,NONE,,roofs_top_kW,8760,2,0.899276674,0.898096409,0.836272061,0.962281287
Alameda_Arro,B1429,matched,200.4710751,211.05,200.49,424399.0834,340361.23,327840.68,-0.227517936,-0.198016105,roofs_top_kW,8760,330,cea,MULTI_RES,NONE,NONE,,roofs_top_kW,8760,2,0.939608872,0.939876352,0.885980904,0.99323684
Alameda_Arro,B1430,matched,199.9331273,210.34,184.69,448401.5617,350858.13,319868.42,-0.2866474,-0.217535888,roofs_top_kW,8760,327,cea,MULTI_RES,NONE,NONE,,roofs_top_kW,8760,2,0.911038846,0.911039134,0.90790844,0.914169252
Alameda_Arro,B1431,matched,164.0728786,167.82,164.08,324074.9621,298960.35,282913.13,-0.127013305,-0.077496305,roofs_top_kW,8760,272,cea,MULTI_RES,NONE,NONE,,roofs_top_kW,8760,3,0.73028175,0.685403513,0.541021645,0.941290319
Alameda_Arro,B1432,matched,167.6823634,170.17,157.65,345173.6337,269349.4,268108.53,-0.223264746,-0.219669831,roofs_top_kW,8760,279,cea,MULTI_RES,NONE,NONE,,roofs_top_kW,8760,3,0.820347706,0.760398647,0.587072074,0.991072595
Alameda_Arro,B1433,matched,302.4665003,311.08,302.45,559767.0018,456374.21,451386.12,-0.193617847,-0.184706836,roofs_top_kW,8760,497,cea,MULTI_RES,NONE,NONE,,roofs_top_kW,8760,2,0.956032723,0.956124727,0.913169682,0.998895764
Alameda_Arro,B1434,matched,165.6215933,169.02,165.71,368729.1069,286566.57,285213.57,-0.226495645,-0.222826285,roofs_top_kW,8760,273,cea,MULTI_RES,NONE,NONE,,roofs_top_kW,8760,2,0.985381275,0.985370591,0.979652345,0.991110206
Alameda_Arro,B1439,matched,128.4834233,133.98,128.48,148695.4711,224608.77,222636.89,0.497267457,0.510528655,roofs_top_kW,8760,212,cea,MULTI_RES,NONE,NONE,,roofs_top_kW,8760,2,0.7886253,0.790058814,0.637350738,0.939899862
Alameda_Arro,B1440,matched,175.1481491,179.31,175.15,335074.067,240823.46,239350.41,-0.285679097,-0.281282905,roofs_top_kW,8760,289,cea,MULTI_RES,NONE,NONE,,roofs_top_kW,8760,2,0.976892591,0.976760196,0.956042528,0.997742653
Alameda_Arro,B1441,matched,194.9369791,202.62,194.94,455802.742,339317.45,337276.06,-0.260039423,-0.255560753,roofs_top_kW,8760,320,cea,MULTI_RES,NONE,NONE,,roofs_top_kW,8760,2,0.987546027,0.987521816,0.979470432,0.995621622
Alameda_Arro,B1442,matched,174.6409805,179.59,174.64,420938.2613,244343.11,251165.01,-0.403321026,-0.41952744,roofs_top_kW,8760,290,cea,MULTI_RES,NONE,NONE,,roofs_top_kW,8760,2,0.983608127,0.983614774,0.967701912,0.999514341
Alameda_Arro,B1443,matched,177.2006759,180.72,177.2,411195.9165,279251.38,280009.89,-0.319035334,-0.320879978,roofs_top_kW,8760,290,cea,MULTI_RES,NONE,NONE,,roofs_top_kW,8760,2,0.989237785,0.98924519,0.978580356,0.999895215
Alameda_Arro,B1444,matched,203.4493945,205.27,203.5,451631.8136,331376.32,343015.7,-0.240497038,-0.266268872,roofs_top_kW,8760,333,cea,MULTI_RES,NONE,NONE,,roofs_top_kW,8760,3,0.533435673,0.520314676,0.438290119,0.681797445
Alameda_Arro,B1445,matched,223.1315634,223.99,223.09,472473.9352,381796.86,378517.65,-0.198860251,-0.191919741,roofs_top_kW,8760,371,cea,MULTI_RES,NONE,NONE,,roofs_top_kW,8760,3,0.613215884,0.583533929,0.493554831,0.731594443
Alameda_Arro,B1446,matched,173.8485441,178.3,173.85,385223.419,284484.11,290334.58,-0.246321574,-0.261508787,roofs_top_kW,8760,289,cea,MULTI_RES,NONE,NONE,,roofs_top_kW,8760,2,0.989466965,0.98946552,0.981595576,0.997338355
Alameda_Arro,B1447,matched,152.9397044,155.37,152.94,381004.3876,245627.47,248106,-0.348810649,-0.355315902,roofs_top_kW,8760,250,cea,MULTI_RES,NONE,NONE,,roofs_top_kW,8760,2,0.992132723,0.992145573,0.985443771,0.998821676
Alameda_Arro,B1448,matched,187.2198016,191.33,187.26,476840.8254,316594.59,316769.53,-0.335691256,-0.336058129,roofs_top_kW,8760,310,cea,MULTI_RES,NONE,NONE,,roofs_top_kW,8760,2,0.901850939,0.901683395,0.809615016,0.994086862
Alameda_Arro,B1449,matched,113.5728062,116.31,113.78,273857.5365,195574.03,189979.19,-0.306284602,-0.285854855,roofs_top_kW,8760,189,cea,MULTI_RES,NONE,NONE,,roofs_top_kW,8760,2,0.995334804,0.995313218,0.995235503,0.995434105
Alameda_Arro,B1450,matched,194.518842,196.92,194.52,430044.4681,354174.38,331915.32,-0.228183724,-0.176423821,roofs_top_kW,8760,320,cea,MULTI_RES,NONE,NONE,,roofs_top_kW,8760,4,0.582661927,0.682313222,0.43331486,0.894460857
Alameda_Arro,B1451,matched,186.77732,189.27,186.78,273315.7228,197739.2,204753.59,-0.250853233,-0.276517289,roofs_top_kW,8760,308,cea,MULTI_RES,NONE,NONE,,roofs_top_kW,8760,1,0.560963392,0.560963392,0.560963392,0.560963392
Alameda_Arro,B1452,matched,214.1596462,219.56,225.96,519655.2036,370426.73,388572.82,-0.252248766,-0.287168247,roofs_top_kW,8760,351,cea,MULTI_RES,NONE,NONE,,roofs_top_kW,8760,2,0.984476,0.98475036,0.982774436,0.986177564
Alameda_Arro,B1453,matched,181.6194652,181.62,181.62,409052.2773,309945.75,310155,-0.241771731,-0.24228328,roofs_top_kW,8760,297,cea,MULTI_RES,NONE,NONE,,roofs_top_kW,8760,,,,,
Alameda_Arro,B1454,matched,186.591735,198,186.59,382657.8345,330127.35,317041.97,-0.171473987,-0.137277954,roofs_top_kW,8760,306,cea,MULTI_RES,NONE,NONE,,roofs_top_kW,8760,1,0.983806491,0.983806491,0.983806491,0.983806491
Alameda_Arro,B1455,matched,157.4161738,159.01,157.37,354096.5816,254108.53,247921.74,-0.299847124,-0.282375083,roofs_top_kW,8760,261,cea,MULTI_RES,NONE,NONE,,roofs_top_kW,8760,2,0.974161506,0.974151247,0.949637949,0.998685062
Alameda_Arro,B1456,matched,300.5191396,300.52,300.52,692827.1814,373699.04,380585.5,-0.450677586,-0.460617236,roofs_top_kW,8760,493,cea,MULTI_RES,NONE,NONE,,roofs_top_kW,8760,,,,,
Alameda_Arro,B1457,matched,297.2668971,306.78,285.59,691857.7233,496835.31,474477.98,-0.314197177,-0.281882252,roofs_top_kW,8760,490,cea,MULTI_RES,NONE,NONE,,roofs_top_kW,8760,2,0.993764311,0.993836392,0.988735974,0.998792648
Alameda_Arro,B1458,matched,350.6787837,350.52,345.3,754393.9979,588223.74,580315.91,-0.230752218,-0.220269857,roofs_top_kW,8760,578,cea,MULTI_RES,NONE,NONE,,roofs_top_kW,8760,1,0.99552083,0.99552083,0.99552083,0.99552083
Alameda_Arro,B1459,matched,99.90888128,99.91,99.91,177809.0627,129395.61,141429.1,-0.204601285,-0.272277757,roofs_top_kW,8760,165,cea,MULTI_RES,NONE,NONE,,roofs_top_kW,8760,,,,,
Alameda_Arro,B1460,matched,122.9793887,122.96,122.96,232246.4939,181154.4,180139.65,-0.224360088,-0.219990808,roofs_top_kW,8760,204,cea,MULTI_RES,NONE,NONE,,roofs_top_kW,8760,,,,,
Alameda_Arro,B1461,matched,365.1369643,375.56,349.38,715157.6333,635476.96,602353.84,-0.157732768,-0.111416937,roofs_top_kW,8760,600,cea,MULTI_RES,NONE,NONE,,roofs_top_kW,8760,2,0.973906428,0.97289377,0.950553954,0.997258902
Alameda_Arro,B1462,matched,354.2983463,366.5,354.3,742835.503,613365.31,603275.79,-0.187874317,-0.174291876,roofs_top_kW,8760,586,cea,MULTI_RES,NONE,NONE,,roofs_top_kW,8760,2,0.95146367,0.951613616,0.92883122,0.974096119
Alameda_Arro,B1463,matched,538.3111509,548.54,538.93,973665.6528,898688.12,935666.93,-0.039026459,-0.07700542,roofs_top_kW,8760,888,cea,MULTI_RES,NONE,NONE,,roofs_top_kW,8760,2,0.344791189,0.342779608,0.320156127,0.36942625
Alameda_Arro,B1464,matched,205.8673423,211.82,194.84,407483.3214,246816.67,236102.52,-0.420583598,-0.394290129,roofs_top_kW,8760,340,cea,MULTI_RES,NONE,NONE,,roofs_top_kW,8760,3,0.796176722,0.703100215,0.473237187,0.969677806
